match_id,innings,bowler,team,overs,deliveries,legal_deliveries,runs_conceded,wickets,economy,extras_given
1085945,1,LMM Tahuhu,New Zealand,9.0,59,54,39,1,4.33,5
1085945,1,HR Huddleston,New Zealand,10.0,60,60,36,5,3.6,1
1085945,1,SFM Devine,New Zealand,6.0,38,36,31,1,5.17,2
1085945,1,AM Peterson,New Zealand,4.0,25,24,9,0,2.25,1
1085945,1,AC Kerr,New Zealand,5.0,31,30,13,1,2.6,1
1085945,1,AE Satterthwaite,New Zealand,8.0,48,48,21,0,2.62,0
1085945,1,EM Bermingham,New Zealand,5.0,31,30,28,0,5.6,2
1085945,1,SW Bates,New Zealand,3.0,18,18,11,0,3.67,0
1085945,2,KDU Prabodhani,Sri Lanka,7.0,42,42,29,0,4.14,0
1085945,2,HHC Gunaratne,Sri Lanka,5.0,31,30,20,1,4.0,1
1085945,2,HASD Siriwardene,Sri Lanka,5.0,30,30,34,0,6.8,1
1085945,2,SS Weerakkody,Sri Lanka,6.0,36,36,17,0,2.83,0
1085945,2,I Ranaweera,Sri Lanka,4.0,24,24,24,0,6.0,0
1085945,2,AC Jayangani,Sri Lanka,4.0,25,24,27,0,6.75,1
1085945,2,PRCS Kumarihami,Sri Lanka,4.0,24,24,18,0,4.5,0
1085945,2,LE Kaushalya,Sri Lanka,2.4,16,16,20,0,7.5,0
1085946,1,A Shrubsole,England,6.0,38,36,37,0,6.17,2
1085946,1,KH Brunt,England,7.0,43,42,50,0,7.14,1
1085946,1,NR Sciver,England,3.0,18,18,18,0,6.0,0
1085946,1,D Hazell,England,10.0,62,60,51,1,5.1,6
1085946,1,JL Gunn,England,10.0,61,60,46,0,4.6,1
1085946,1,A Hartley,England,7.0,42,42,38,0,5.43,0
1085946,1,HC Knight,England,7.0,42,42,41,2,5.86,0
1085946,2,J Goswami,India,7.0,42,42,43,0,6.14,4
1085946,2,E Bisht,India,9.0,54,54,43,0,4.78,0
1085946,2,S Pandey,India,7.0,43,42,35,2,5.0,1
1085946,2,Poonam Yadav,India,10.0,61,60,51,1,5.1,1
1085946,2,H Kaur,India,6.0,36,36,27,0,4.5,0
1085946,2,DB Sharma,India,8.3,52,51,47,3,5.53,1
1085947,1,S Ismail,South Africa,9.0,56,54,52,2,5.78,3
1085947,1,M Kapp,South Africa,10.0,62,60,51,1,5.1,5
1085947,1,A Khaka,South Africa,10.0,61,60,34,0,3.4,2
1085947,1,M Daniels,South Africa,10.0,61,60,22,2,2.2,2
1085947,1,D van Niekerk,South Africa,5.0,30,30,14,1,2.8,0
1085947,1,CL Tryon,South Africa,2.0,13,12,15,0,7.5,1
1085947,1,S Luus,South Africa,4.0,24,24,18,1,4.5,0
1085947,2,Asmavia Iqbal,Pakistan,10.0,61,60,55,0,5.5,1
1085947,2,Sadia Yousuf,Pakistan,10.0,61,60,30,2,3.0,1
1085947,2,Sana Mir,Pakistan,9.0,55,54,27,1,3.0,1
1085947,2,Nashra Sandhu,Pakistan,10.0,61,60,32,0,3.2,2
1085947,2,Kainat Imtiaz,Pakistan,8.0,51,48,56,0,7.0,3
1085947,2,Bismah Maroof,Pakistan,2.0,12,12,7,1,3.5,0
1085948,1,JL Jonassen,Australia,9.0,56,54,39,2,4.33,5
1085948,1,ML Schutt,Australia,8.5,53,53,24,1,2.72,2
1085948,1,EA Perry,Australia,9.0,56,54,50,3,5.56,5
1085948,1,KM Beams,Australia,10.0,60,60,30,2,3.0,0
1085948,1,A Gardner,Australia,8.0,49,48,37,0,4.62,3
1085948,1,EJ Villani,Australia,3.0,18,18,24,0,8.0,0
1085948,2,SC Selman,West Indies,4.0,26,24,20,0,5.0,3
1085948,2,SS Connell,West Indies,6.0,36,36,30,0,5.0,0
1085948,2,SR Taylor,West Indies,8.1,50,49,33,2,4.04,1
1085948,2,SF Daley,West Indies,5.0,30,30,27,0,5.4,0
1085948,2,A Mohammed,West Indies,5.0,30,30,24,0,4.8,1
1085948,2,DJS Dottin,West Indies,5.0,32,30,25,0,5.0,2
1085948,2,HK Matthews,West Indies,3.0,18,18,26,0,8.67,4
1085948,2,ASS Fletcher,West Indies,2.0,12,12,20,0,10.0,0
1085949,1,Asmavia Iqbal,Pakistan,10.0,63,60,62,3,6.2,3
1085949,1,Kainat Imtiaz,Pakistan,9.0,60,54,69,2,7.67,7
1085949,1,Sana Mir,Pakistan,9.0,55,54,78,1,8.67,1
1085949,1,Nashra Sandhu,Pakistan,10.0,60,60,82,1,8.2,0
1085949,1,Sadia Yousuf,Pakistan,10.0,62,60,74,0,7.4,2
1085949,1,Nahida Khan,Pakistan,2.0,12,12,12,0,6.0,0
1085949,2,KH Brunt,England,6.0,37,36,21,2,3.5,1
1085949,2,A Shrubsole,England,5.0,30,30,17,0,3.4,1
1085949,2,JL Gunn,England,3.0,19,18,18,0,6.0,3
1085949,2,D Hazell,England,7.0,44,42,28,0,4.0,2
1085949,2,A Hartley,England,6.2,38,38,13,1,2.05,0
1085949,2,NR Sciver,England,2.0,13,12,10,0,5.0,2
1085951,1,J Goswami,India,6.0,36,36,37,0,6.17,0
1085951,1,S Pandey,India,3.0,18,18,13,0,4.33,0
1085951,1,E Bisht,India,10.0,60,60,23,1,2.3,0
1085951,1,DB Sharma,India,10.0,60,60,28,2,2.8,1
1085951,1,MR Meshram,India,4.0,26,24,20,0,5.0,2
1085951,1,Poonam Yadav,India,10.0,61,60,20,2,2.0,2
1085951,1,H Kaur,India,7.0,42,42,42,2,6.0,0
1085951,2,SS Connell,West Indies,4.0,26,24,23,1,5.75,2
1085951,2,DJS Dottin,West Indies,4.0,26,24,25,0,6.25,2
1085951,2,SR Taylor,West Indies,10.0,61,60,24,1,2.4,1
1085951,2,SF Daley,West Indies,5.0,32,30,24,0,4.8,2
1085951,2,A Mohammed,West Indies,6.0,36,36,26,0,4.33,1
1085951,2,ASS Fletcher,West Indies,4.0,24,24,18,0,4.5,0
1085951,2,CN Nation,West Indies,1.0,6,6,9,0,9.0,0
1085951,2,HK Matthews,West Indies,8.3,51,51,37,1,4.35,2
1085952,1,EA Perry,Australia,8.0,50,48,53,2,6.62,3
1085952,1,ML Schutt,Australia,10.0,62,60,54,1,5.4,6
1085952,1,A Gardner,Australia,10.0,62,60,39,1,3.9,2
1085952,1,KM Beams,Australia,10.0,61,60,49,2,4.9,1
1085952,1,EJ Villani,Australia,5.0,33,30,22,1,4.4,3
1085952,1,B Vakarewa,Australia,4.0,27,24,22,0,5.5,4
1085952,1,NE Bolton,Australia,3.0,18,18,18,2,6.0,0
1085952,2,KDU Prabodhani,Sri Lanka,8.0,53,48,54,0,6.75,5
1085952,2,SS Weerakkody,Sri Lanka,8.0,48,48,39,1,4.88,0
1085952,2,HASD Siriwardene,Sri Lanka,10.0,60,60,63,1,6.3,1
1085952,2,I Ranaweera,Sri Lanka,9.0,56,54,53,0,5.89,4
1085952,2,LE Kaushalya,Sri Lanka,2.0,13,12,10,0,5.0,1
1085952,2,AC Jayangani,Sri Lanka,1.0,6,6,10,0,10.0,0
1085952,2,PRCS Kumarihami,Sri Lanka,5.5,35,35,33,0,5.66,0
1085953,1,KH Brunt,England,10.0,61,60,26,0,2.6,2
1085953,1,A Shrubsole,England,8.0,48,48,51,0,6.38,1
1085953,1,NR Sciver,England,8.0,51,48,32,2,4.0,3
1085953,1,D Hazell,England,8.0,49,48,31,1,3.88,1
1085953,1,LA Marsh,England,10.0,60,60,45,4,4.5,0
1085953,1,HC Knight,England,6.0,38,36,19,1,3.17,3
1085953,2,SS Weerakkody,Sri Lanka,3.0,18,18,20,0,6.67,0
1085953,2,KADA Kanchana,Sri Lanka,6.0,40,36,38,2,6.33,8
1085953,2,OU Ranasinghe,Sri Lanka,5.0,30,30,24,0,4.8,0
1085953,2,I Ranaweera,Sri Lanka,4.0,24,24,23,0,5.75,0
1085953,2,LE Kaushalya,Sri Lanka,4.0,25,24,30,0,7.5,3
1085953,2,HASD Siriwardene,Sri Lanka,2.2,14,14,21,0,9.0,0
1085953,2,AC Jayangani,Sri Lanka,4.0,25,24,36,1,9.0,1
1085953,2,H Madavi,Sri Lanka,2.0,12,12,14,0,7.0,0
1085954,1,EA Perry,Australia,10.0,63,60,63,0,6.3,8
1085954,1,ML Schutt,Australia,10.0,64,60,43,3,4.3,7
1085954,1,JL Jonassen,Australia,10.0,61,60,35,3,3.5,3
1085954,1,A Wellington,Australia,10.0,63,60,46,1,4.6,7
1085954,1,A Gardner,Australia,10.0,60,60,32,1,3.2,0
1085954,2,SFM Devine,New Zealand,9.0,54,54,34,0,3.78,0
1085954,2,AM Peterson,New Zealand,6.4,40,40,27,2,4.05,0
1085954,2,AE Satterthwaite,New Zealand,3.0,19,18,11,0,3.67,1
1085954,2,HR Huddleston,New Zealand,4.0,24,24,16,0,4.0,0
1085954,2,AC Kerr,New Zealand,8.0,48,48,42,2,5.25,0
1085954,2,LMM Tahuhu,New Zealand,4.0,28,24,20,1,5.0,4
1085954,2,EM Bermingham,New Zealand,10.0,62,60,44,0,4.4,2
1085954,2,SW Bates,New Zealand,4.0,24,24,26,0,6.5,0
1085955,1,Asmavia Iqbal,Pakistan,10.0,63,60,47,1,4.7,4
1085955,1,Diana Baig,Pakistan,10.0,60,60,28,1,2.8,0
1085955,1,Nashra Sandhu,Pakistan,10.0,61,60,26,4,2.6,1
1085955,1,Sana Mir,Pakistan,10.0,60,60,38,0,3.8,4
1085955,1,Sadia Yousuf,Pakistan,10.0,61,60,30,2,3.0,1
1085955,2,J Goswami,India,5.0,30,30,12,1,2.4,0
1085955,2,E Bisht,India,10.0,61,60,18,5,1.8,1
1085955,2,DB Sharma,India,10.0,61,60,21,1,2.1,3
1085955,2,M Joshi,India,6.1,39,37,9,2,1.46,2
1085955,2,Poonam Yadav,India,5.0,30,30,8,0,1.6,0
1085955,2,H Kaur,India,2.0,12,12,6,1,3.0,0
1085956,1,S Ismail,South Africa,6.0,36,36,16,2,2.67,0
1085956,1,M Kapp,South Africa,7.0,45,42,14,4,2.0,3
1085956,1,A Khaka,South Africa,4.0,24,24,7,0,1.75,0
1085956,1,M Daniels,South Africa,5.0,30,30,11,0,2.2,0
1085956,1,D van Niekerk,South Africa,3.2,20,20,0,4,0.0,0
1085956,2,DJS Dottin,West Indies,3.2,22,20,23,0,6.9,2
1085956,2,Q Joseph,West Indies,2.0,13,12,19,0,9.5,1
1085956,2,SF Daley,West Indies,1.0,6,6,9,0,9.0,0
1085957,1,S Ismail,South Africa,10.0,63,60,90,1,9.0,8
1085957,1,M Kapp,South Africa,10.0,63,60,80,3,8.0,7
1085957,1,A Khaka,South Africa,10.0,63,60,67,0,6.7,6
1085957,1,M Daniels,South Africa,10.0,60,60,63,1,6.3,1
1085957,1,D van Niekerk,South Africa,4.0,24,24,24,0,6.0,0
1085957,1,S Luus,South Africa,4.0,24,24,27,0,6.75,1
1085957,1,CL Tryon,South Africa,2.0,12,12,22,0,11.0,0
1085957,2,KH Brunt,England,8.0,49,48,17,0,2.12,2
1085957,2,A Shrubsole,England,7.0,45,42,58,1,8.29,3
1085957,2,A Hartley,England,10.0,61,60,55,1,5.5,3
1085957,2,NR Sciver,England,7.0,45,42,53,1,7.57,9
1085957,2,HC Knight,England,8.0,49,48,52,2,6.5,1
1085957,2,D Hazell,England,10.0,62,60,70,3,7.0,7
1085958,1,SS Weerakkody,Sri Lanka,9.0,56,54,28,3,3.11,3
1085958,1,HHC Gunaratne,Sri Lanka,10.0,61,60,52,1,5.2,1
1085958,1,HASD Siriwardene,Sri Lanka,10.0,60,60,24,0,2.4,0
1085958,1,I Ranaweera,Sri Lanka,10.0,61,60,55,2,5.5,1
1085958,1,OU Ranasinghe,Sri Lanka,3.0,18,18,22,0,7.33,0
1085958,1,KADA Kanchana,Sri Lanka,8.0,48,48,51,1,6.38,1
1085958,2,J Goswami,India,8.0,48,48,26,2,3.25,0
1085958,2,M Joshi,India,5.0,30,30,38,0,7.6,2
1085958,2,DB Sharma,India,10.0,60,60,46,1,4.6,0
1085958,2,E Bisht,India,10.0,60,60,49,1,4.9,1
1085958,2,H Kaur,India,7.0,43,42,34,0,4.86,2
1085958,2,Poonam Yadav,India,10.0,60,60,23,2,2.3,0
1085959,1,Asmavia Iqbal,Pakistan,8.0,48,48,27,1,3.38,0
1085959,1,Diana Baig,Pakistan,9.0,59,54,56,1,6.22,5
1085959,1,Sana Mir,Pakistan,10.0,60,60,49,3,4.9,0
1085959,1,Nashra Sandhu,Pakistan,9.0,55,54,59,0,6.56,1
1085959,1,Sadia Yousuf,Pakistan,9.0,55,54,66,2,7.33,1
1085959,1,Marina Iqbal,Pakistan,5.0,31,30,33,1,6.6,2
1085959,2,EA Perry,Australia,10.0,63,60,28,0,2.8,7
1085959,2,JL Jonassen,Australia,10.0,60,60,13,1,1.3,1
1085959,2,SE Aley,Australia,10.0,63,60,29,2,2.9,7
1085959,2,KM Beams,Australia,9.0,56,54,24,3,2.67,3
1085959,2,A Gardner,Australia,9.0,54,54,28,3,3.11,0
1085959,2,EJ Villani,Australia,2.0,14,12,9,0,4.5,3
1085960,1,LMM Tahuhu,New Zealand,7.0,43,42,39,3,5.57,1
1085960,1,LM Kasperek,New Zealand,10.0,60,60,17,3,1.7,0
1085960,1,HR Huddleston,New Zealand,6.0,38,36,16,1,2.67,2
1085960,1,SFM Devine,New Zealand,8.0,52,48,35,1,4.38,4
1085960,1,AC Kerr,New Zealand,8.0,51,48,29,1,3.62,8
1085960,1,AE Satterthwaite,New Zealand,4.0,24,24,14,1,3.5,0
1085960,2,DJS Dottin,West Indies,3.0,19,18,22,0,7.33,1
1085960,2,AK Peters,West Indies,1.0,7,6,13,0,13.0,1
1085960,2,SR Taylor,West Indies,5.0,33,30,27,1,5.4,4
1085960,2,ASS Fletcher,West Indies,2.0,12,12,22,0,11.0,0
1085960,2,SF Daley,West Indies,3.0,18,18,20,0,6.67,0
1085960,2,HK Matthews,West Indies,1.0,6,6,17,0,17.0,0
1085960,2,A Mohammed,West Indies,3.2,20,20,30,1,9.0,0
1085961,1,LMM Tahuhu,New Zealand,10.0,62,60,35,2,3.5,2
1085961,1,LM Kasperek,New Zealand,10.0,60,60,36,2,3.6,1
1085961,1,SFM Devine,New Zealand,3.5,26,23,10,1,2.61,3
1085961,1,HM Rowe,New Zealand,9.0,57,54,22,3,2.44,3
1085961,1,AC Kerr,New Zealand,10.0,62,60,27,2,2.7,2
1085961,1,SW Bates,New Zealand,4.0,25,24,14,0,3.5,2
1085961,2,Diana Baig,Pakistan,4.0,28,24,28,1,7.0,4
1085961,2,Kainat Imtiaz,Pakistan,2.0,14,12,26,0,13.0,2
1085961,2,Sana Mir,Pakistan,4.0,24,24,36,0,9.0,0
1085961,2,Nashra Sandhu,Pakistan,4.0,26,24,33,1,8.25,2
1085961,2,Marina Iqbal,Pakistan,1.0,6,6,24,0,24.0,0
1085962,1,J Goswami,India,10.0,61,60,55,1,5.5,3
1085962,1,S Pandey,India,9.0,56,54,40,3,4.44,2
1085962,1,E Bisht,India,9.0,54,54,68,2,7.56,0
1085962,1,Poonam Yadav,India,10.0,60,60,31,1,3.1,0
1085962,1,DB Sharma,India,8.0,48,48,61,0,7.62,0
1085962,1,H Kaur,India,4.0,24,24,18,2,4.5,0
1085962,2,S Ismail,South Africa,9.0,57,54,19,1,2.11,4
1085962,2,M Kapp,South Africa,8.0,49,48,33,1,4.12,3
1085962,2,A Khaka,South Africa,10.0,61,60,33,2,3.3,1
1085962,2,M Daniels,South Africa,3.0,19,18,21,0,7.0,1
1085962,2,D van Niekerk,South Africa,10.0,60,60,25,4,2.5,3
1085962,2,S Luus,South Africa,6.0,36,36,27,1,4.5,0
1085963,1,JL Jonassen,Australia,10.0,62,60,52,1,5.2,3
1085963,1,ML Schutt,Australia,10.0,62,60,46,1,4.6,11
1085963,1,EA Perry,Australia,7.0,47,42,32,0,4.57,6
1085963,1,A Gardner,Australia,9.0,56,54,41,1,4.56,2
1085963,1,KM Beams,Australia,9.0,54,54,46,2,5.11,2
1085963,1,EJ Villani,Australia,5.0,33,30,42,3,8.4,8
1085963,2,KH Brunt,England,9.0,55,54,43,2,4.78,2
1085963,2,A Shrubsole,England,7.0,44,42,35,1,5.0,4
1085963,2,NR Sciver,England,6.0,38,36,28,0,4.67,4
1085963,2,D Hazell,England,9.0,55,54,65,1,7.22,2
1085963,2,A Hartley,England,10.0,60,60,31,2,3.1,0
1085963,2,JL Gunn,England,9.0,57,54,54,2,6.0,3
1085964,1,KDU Prabodhani,Sri Lanka,9.0,56,54,40,0,4.44,7
1085964,1,SS Weerakkody,Sri Lanka,10.0,61,60,38,3,3.8,1
1085964,1,I Ranaweera,Sri Lanka,10.0,62,60,56,2,5.6,2
1085964,1,HASD Siriwardene,Sri Lanka,10.0,60,60,35,1,3.5,2
1085964,1,KADA Kanchana,Sri Lanka,9.0,55,54,52,2,5.78,3
1085964,1,OU Ranasinghe,Sri Lanka,2.0,12,12,8,0,4.0,0
1085964,2,SR Taylor,West Indies,10.0,63,60,37,1,3.7,5
1085964,2,DJS Dottin,West Indies,2.0,15,12,13,0,6.5,7
1085964,2,HK Matthews,West Indies,10.0,61,60,25,1,2.5,3
1085964,2,A Mohammed,West Indies,10.0,60,60,39,3,3.9,0
1085964,2,ASS Fletcher,West Indies,9.0,58,54,38,2,4.22,4
1085964,2,SF Daley,West Indies,7.0,42,42,30,2,4.29,0
1085965,1,Asmavia Iqbal,Pakistan,10.0,60,60,76,2,7.6,0
1085965,1,Diana Baig,Pakistan,10.0,66,60,59,1,5.9,8
1085965,1,Sana Mir,Pakistan,10.0,61,60,49,0,4.9,1
1085965,1,Nashra Sandhu,Pakistan,10.0,63,60,58,1,5.8,3
1085965,1,Sadia Yousuf,Pakistan,10.0,61,60,43,0,4.3,2
1085965,2,DJS Dottin,West Indies,4.0,25,24,24,0,6.0,2
1085965,2,AK Peters,West Indies,4.0,26,24,20,1,5.0,2
1085965,2,SR Taylor,West Indies,8.0,48,48,29,0,3.62,0
1085965,2,SF Daley,West Indies,4.0,24,24,23,0,5.75,1
1085965,2,A Mohammed,West Indies,4.0,24,24,21,2,5.25,0
1085966,1,S Ismail,South Africa,7.3,47,45,14,3,1.87,2
1085966,1,M Kapp,South Africa,5.0,31,30,13,1,2.6,1
1085966,1,A Khaka,South Africa,5.0,31,30,21,0,4.2,1
1085966,1,M Klaas,South Africa,8.0,49,48,17,1,2.12,1
1085966,1,S Luus,South Africa,7.0,43,42,12,1,1.71,1
1085966,1,D van Niekerk,South Africa,8.0,49,48,24,4,3.0,1
1085966,2,SS Weerakkody,Sri Lanka,4.0,24,24,22,1,5.5,0
1085966,2,LE Kaushalya,Sri Lanka,2.0,13,12,11,0,5.5,1
1085966,2,KADA Kanchana,Sri Lanka,2.0,12,12,6,0,3.0,0
1085966,2,I Ranaweera,Sri Lanka,6.0,38,36,20,1,3.33,4
1085966,2,HASD Siriwardene,Sri Lanka,6.1,37,37,33,0,5.35,0
1085966,2,PRCS Kumarihami,Sri Lanka,3.0,18,18,12,0,4.0,0
1085967,1,ML Schutt,Australia,10.0,61,60,52,2,5.2,1
1085967,1,A Gardner,Australia,10.0,62,60,48,1,4.8,2
1085967,1,JL Jonassen,Australia,10.0,60,60,38,0,3.8,0
1085967,1,EA Perry,Australia,10.0,61,60,37,2,3.7,1
1085967,1,KM Beams,Australia,9.0,54,54,43,1,4.78,0
1085967,1,EJ Villani,Australia,1.0,7,6,8,0,8.0,1
1085967,2,J Goswami,India,5.1,32,31,27,0,5.23,1
1085967,2,DB Sharma,India,10.0,60,60,44,0,4.4,0
1085967,2,S Pandey,India,6.0,37,36,17,0,2.83,2
1085967,2,H Kaur,India,6.0,36,36,38,0,6.33,0
1085967,2,E Bisht,India,10.0,62,60,55,0,5.5,7
1085967,2,Poonam Yadav,India,8.0,48,48,46,1,5.75,0
1085968,1,LMM Tahuhu,New Zealand,8.0,48,48,46,1,5.75,0
1085968,1,LM Kasperek,New Zealand,10.0,62,60,49,2,4.9,2
1085968,1,HR Huddleston,New Zealand,8.0,48,48,44,0,5.5,2
1085968,1,SW Bates,New Zealand,8.0,49,48,52,1,6.5,2
1085968,1,AC Kerr,New Zealand,9.0,55,54,51,4,5.67,1
1085968,1,EM Bermingham,New Zealand,7.0,43,42,42,1,6.0,2
1085968,2,KH Brunt,England,5.0,30,30,20,0,4.0,1
1085968,2,A Shrubsole,England,7.0,42,42,19,2,2.71,0
1085968,2,LA Marsh,England,10.0,61,60,48,1,4.8,5
1085968,2,JL Gunn,England,6.0,37,36,32,2,5.33,2
1085968,2,A Hartley,England,9.4,58,58,45,3,4.66,1
1085968,2,NR Sciver,England,2.0,12,12,12,0,6.0,0
1085968,2,HC Knight,England,7.0,44,42,33,1,4.71,4
1085969,1,S Ismail,South Africa,5.0,30,30,26,0,5.2,0
1085969,1,M Kapp,South Africa,6.3,41,39,26,2,4.0,2
1085969,1,A Khaka,South Africa,8.0,48,48,35,1,4.38,1
1085969,1,M Daniels,South Africa,5.5,36,35,31,0,5.31,1
1085969,1,M Klaas,South Africa,5.1,33,31,43,0,8.32,2
1085969,1,S Luus,South Africa,10.0,61,60,67,5,6.7,1
1085969,1,D van Niekerk,South Africa,8.0,50,48,41,2,5.12,6
1085969,2,ML Schutt,Australia,6.0,36,36,38,1,6.33,1
1085969,2,JL Jonassen,Australia,10.0,60,60,40,2,4.0,0
1085969,2,EA Perry,Australia,10.0,62,60,48,2,4.8,3
1085969,2,A Gardner,Australia,10.0,60,60,32,0,3.2,1
1085969,2,KM Beams,Australia,10.0,60,60,28,1,2.8,0
1085969,2,EJ Villani,Australia,2.0,12,12,12,0,6.0,0
1085969,2,RL Haynes,Australia,2.0,12,12,12,2,6.0,0
1085970,1,DJS Dottin,West Indies,9.0,59,54,42,1,4.67,14
1085970,1,Q Joseph,West Indies,5.0,35,30,29,1,5.8,5
1085970,1,AK Peters,West Indies,4.0,25,24,13,0,3.25,5
1085970,1,SR Taylor,West Indies,8.0,48,48,46,0,5.75,0
1085970,1,ASS Fletcher,West Indies,10.0,60,60,33,3,3.3,0
1085970,1,A Mohammed,West Indies,10.0,61,60,33,1,3.3,2
1085970,1,HK Matthews,West Indies,4.0,24,24,24,1,6.0,0
1085970,2,KH Brunt,England,6.0,38,36,18,1,3.0,2
1085970,2,A Shrubsole,England,6.0,37,36,13,1,2.17,2
1085970,2,LA Marsh,England,10.0,61,60,31,1,3.1,6
1085970,2,JL Gunn,England,7.0,43,42,12,0,1.71,1
1085970,2,A Hartley,England,10.0,60,60,25,1,2.5,0
1085970,2,HC Knight,England,7.0,43,42,25,1,3.57,1
1085970,2,NR Sciver,England,4.0,26,24,4,3,1.0,3
1085971,1,LM Kasperek,New Zealand,10.0,60,60,45,3,4.5,0
1085971,1,LMM Tahuhu,New Zealand,10.0,62,60,49,1,4.9,2
1085971,1,HM Rowe,New Zealand,10.0,62,60,31,2,3.1,3
1085971,1,SW Bates,New Zealand,8.0,49,48,59,0,7.38,1
1085971,1,AC Kerr,New Zealand,10.0,61,60,66,0,6.6,3
1085971,1,AE Satterthwaite,New Zealand,2.0,12,12,15,0,7.5,0
1085971,2,J Goswami,India,5.0,30,30,14,1,2.8,0
1085971,2,S Pandey,India,5.0,30,30,12,1,2.4,0
1085971,2,DB Sharma,India,6.0,37,36,26,2,4.33,1
1085971,2,RS Gayakwad,India,7.3,45,45,15,5,2.0,0
1085971,2,Poonam Yadav,India,2.0,12,12,12,1,6.0,0
1085972,1,Asmavia Iqbal,Pakistan,9.0,58,54,54,1,6.0,4
1085972,1,Diana Baig,Pakistan,10.0,65,60,42,3,4.2,6
1085972,1,Sana Mir,Pakistan,10.0,61,60,36,1,3.6,1
1085972,1,Kainat Imtiaz,Pakistan,10.0,63,60,50,1,5.0,7
1085972,1,Sadia Yousuf,Pakistan,10.0,61,60,32,1,3.2,1
1085972,1,Javeria Khan,Pakistan,1.0,6,6,7,0,7.0,2
1085972,2,SS Weerakkody,Sri Lanka,6.0,36,36,34,0,5.67,0
1085972,2,HHC Gunaratne,Sri Lanka,10.0,64,60,41,4,4.1,4
1085972,2,LE Kaushalya,Sri Lanka,3.0,18,18,9,0,3.0,0
1085972,2,I Ranaweera,Sri Lanka,9.4,59,58,17,1,1.76,1
1085972,2,HASD Siriwardene,Sri Lanka,5.0,32,30,41,0,8.2,2
1085972,2,KADA Kanchana,Sri Lanka,7.0,42,42,36,2,5.14,5
1085972,2,AC Jayangani,Sri Lanka,6.0,36,36,28,1,4.67,0
1085973,1,KH Brunt,England,10.0,61,60,40,0,4.0,1
1085973,1,A Shrubsole,England,10.0,60,60,33,1,3.3,0
1085973,1,NR Sciver,England,4.0,25,24,25,1,6.25,1
1085973,1,LA Marsh,England,9.0,54,54,37,0,4.11,0
1085973,1,A Hartley,England,9.0,54,54,40,0,4.44,0
1085973,1,JL Gunn,England,6.0,36,36,35,1,5.83,0
1085973,1,HC Knight,England,2.0,13,12,8,1,4.0,2
1085973,2,S Ismail,South Africa,9.4,60,58,53,1,5.48,6
1085973,2,M Kapp,South Africa,10.0,64,60,44,1,4.4,10
1085973,2,A Khaka,South Africa,10.0,61,60,28,2,2.8,1
1085973,2,M Daniels,South Africa,10.0,62,60,47,1,4.7,2
1085973,2,D van Niekerk,South Africa,5.0,32,30,25,0,5.0,4
1085973,2,S Luus,South Africa,5.0,32,30,24,2,4.8,2
1085974,1,ML Schutt,Australia,9.0,57,54,64,1,7.11,3
1085974,1,EA Perry,Australia,9.0,56,54,40,0,4.44,2
1085974,1,JL Jonassen,Australia,7.0,43,42,64,0,9.14,2
1085974,1,A Gardner,Australia,8.0,48,48,44,1,5.5,1
1085974,1,KM Beams,Australia,8.0,49,48,50,1,6.25,2
1085974,1,EJ Villani,Australia,1.0,8,6,19,1,19.0,3
1085974,2,J Goswami,India,8.0,48,48,35,2,4.38,0
1085974,2,S Pandey,India,6.0,36,36,18,2,3.0,1
1085974,2,DB Sharma,India,7.1,44,43,59,3,8.23,5
1085974,2,RS Gayakwad,India,9.0,54,54,62,1,6.89,0
1085974,2,Poonam Yadav,India,9.0,55,54,60,1,6.67,1
1085974,2,V Krishnamurthy,India,1.0,6,6,11,0,11.0,0
1085975,1,J Goswami,India,10.0,61,60,24,3,2.4,4
1085975,1,S Pandey,India,7.0,44,42,53,0,7.57,2
1085975,1,RS Gayakwad,India,10.0,61,60,49,1,4.9,1
1085975,1,DB Sharma,India,9.0,55,54,40,0,4.44,2
1085975,1,Poonam Yadav,India,10.0,60,60,36,2,3.6,0
1085975,1,H Kaur,India,4.0,25,24,26,0,6.5,2
1085975,2,KH Brunt,England,6.0,36,36,22,0,3.67,0
1085975,2,A Shrubsole,England,9.4,62,58,47,6,4.86,5
1085975,2,NR Sciver,England,5.0,30,30,27,0,5.4,1
1085975,2,JL Gunn,England,7.0,43,42,18,0,2.57,2
1085975,2,LA Marsh,England,10.0,61,60,40,0,4.0,1
1085975,2,A Hartley,England,10.0,61,60,58,2,5.8,1
1085975,2,HC Knight,England,1.0,7,6,7,0,7.0,1
1243908,1,LMM Tahuhu,New Zealand,9.0,57,54,59,3,6.56,5
1243908,1,JM Kerr,New Zealand,10.0,61,60,43,2,4.3,2
1243908,1,HM Rowe,New Zealand,9.0,56,54,51,1,5.67,2
1243908,1,SFM Devine,New Zealand,6.0,37,36,34,0,5.67,2
1243908,1,AC Kerr,New Zealand,10.0,61,60,33,1,3.3,1
1243908,1,FC Jonas,New Zealand,6.0,36,36,39,0,6.5,0
1243908,2,SS Connell,West Indies,5.0,33,30,25,0,5.0,3
1243908,2,CA Henry,West Indies,10.0,61,60,53,1,5.3,1
1243908,2,AA Alleyne,West Indies,7.0,44,42,38,0,5.43,7
1243908,2,HK Matthews,West Indies,10.0,60,60,41,2,4.1,0
1243908,2,SC Selman,West Indies,7.0,44,42,37,1,5.29,2
1243908,2,A Mohammed,West Indies,10.0,60,60,60,2,6.0,0
1243908,2,DJS Dottin,West Indies,0.5,5,5,2,2,2.4,0
1243909,1,Jahanara Alam,Bangladesh,9.0,56,54,32,2,3.56,6
1243909,1,Fariha Trisna,Bangladesh,10.0,62,60,37,3,3.7,4
1243909,1,Salma Khatun,Bangladesh,9.0,54,54,46,1,5.11,0
1243909,1,Ritu Moni,Bangladesh,9.5,60,59,36,2,3.66,1
1243909,1,Nahida Akter,Bangladesh,5.0,30,30,27,0,5.4,0
1243909,1,Rumana Ahmed,Bangladesh,7.0,43,42,29,1,4.14,1
1243909,2,S Ismail,South Africa,10.0,63,60,35,1,3.5,5
1243909,2,M Kapp,South Africa,9.3,60,57,37,1,3.89,4
1243909,2,A Khaka,South Africa,10.0,64,60,33,4,3.3,9
1243909,2,M Klaas,South Africa,10.0,62,60,36,2,3.6,3
1243909,2,S Luus,South Africa,2.0,13,12,12,0,6.0,1
1243909,2,CL Tryon,South Africa,8.0,48,48,22,0,2.75,0
1243910,1,KH Brunt,England,10.0,64,60,56,1,5.6,10
1243910,1,A Shrubsole,England,10.0,62,60,45,0,4.5,2
1243910,1,NR Sciver,England,10.0,61,60,68,2,6.8,1
1243910,1,KL Cross,England,10.0,62,60,63,0,6.3,11
1243910,1,S Ecclestone,England,10.0,60,60,78,0,7.8,1
1243910,2,ML Schutt,Australia,10.0,60,60,52,1,5.2,0
1243910,2,D Brown,Australia,6.0,37,36,40,0,6.67,1
1243910,2,JL Jonassen,Australia,3.0,18,18,19,2,6.33,1
1243910,2,A Sutherland,Australia,6.0,36,36,42,0,7.0,0
1243910,2,EA Perry,Australia,5.0,31,30,28,0,5.6,1
1243910,2,TM McGrath,Australia,10.0,60,60,52,2,5.2,1
1243910,2,A King,Australia,10.0,60,60,65,3,6.5,6
1243911,1,Diana Baig,Pakistan,10.0,64,60,62,1,6.2,5
1243911,1,Anam Amin,Pakistan,10.0,62,60,43,1,4.3,2
1243911,1,Nida Dar,Pakistan,10.0,61,60,45,2,4.5,1
1243911,1,Fatima Sana,Pakistan,10.0,63,60,58,1,5.8,3
1243911,1,Nashra Sandhu,Pakistan,10.0,60,60,36,2,3.6,0
1243911,2,J Goswami,India,10.0,61,60,26,2,2.6,1
1243911,2,Meghna Singh,India,7.0,42,42,21,1,3.0,0
1243911,2,RS Gayakwad,India,10.0,60,60,31,4,3.1,0
1243911,2,DB Sharma,India,7.0,43,42,31,1,4.43,1
1243911,2,S Rana,India,9.0,54,54,28,2,3.11,1
1243912,1,LMM Tahuhu,New Zealand,2.0,14,12,19,0,9.5,2
1243912,1,JM Kerr,New Zealand,5.0,32,30,24,0,4.8,2
1243912,1,HNK Jensen,New Zealand,3.0,18,18,18,1,6.0,0
1243912,1,AC Kerr,New Zealand,6.0,36,36,29,0,4.83,1
1243912,1,FL Mackay,New Zealand,6.0,36,36,25,1,4.17,1
1243912,1,AE Satterthwaite,New Zealand,5.0,30,30,25,3,5.0,0
1243912,2,Jahanara Alam,Bangladesh,3.0,20,18,25,0,8.33,2
1243912,2,Fariha Trisna,Bangladesh,3.0,19,18,18,0,6.0,2
1243912,2,Salma Khatun,Bangladesh,4.0,24,24,34,1,8.5,0
1243912,2,Nahida Akter,Bangladesh,5.0,30,30,31,0,6.2,0
1243912,2,Ritu Moni,Bangladesh,2.0,12,12,13,0,6.5,0
1243912,2,Rumana Ahmed,Bangladesh,2.0,12,12,14,0,7.0,0
1243912,2,Lata Mondal,Bangladesh,1.0,6,6,9,0,9.0,0
1243913,1,ML Schutt,Australia,10.0,62,60,43,1,4.3,2
1243913,1,EA Perry,Australia,5.0,33,30,27,1,5.4,3
1243913,1,A King,Australia,9.0,54,54,24,2,2.67,0
1243913,1,JL Jonassen,Australia,10.0,60,60,33,0,3.3,0
1243913,1,A Wellington,Australia,8.0,48,48,25,1,3.12,0
1243913,1,NJ Carey,Australia,8.0,51,48,38,1,4.75,5
1243913,2,Diana Baig,Pakistan,4.0,25,24,35,0,8.75,1
1243913,2,Anam Amin,Pakistan,6.0,36,36,31,0,5.17,0
1243913,2,Nida Dar,Pakistan,5.4,34,34,33,0,5.82,0
1243913,2,Fatima Sana,Pakistan,4.0,24,24,24,0,6.0,0
1243913,2,Nashra Sandhu,Pakistan,7.0,42,42,31,1,4.43,1
1243913,2,Umaima Sohail,Pakistan,8.0,49,48,39,2,4.88,1
1243914,1,KH Brunt,England,7.0,48,42,39,0,5.57,12
1243914,1,A Shrubsole,England,8.0,48,48,58,0,7.25,1
1243914,1,NR Sciver,England,8.0,50,48,49,1,6.12,3
1243914,1,KL Cross,England,10.0,66,60,36,0,3.6,6
1243914,1,S Ecclestone,England,10.0,61,60,21,3,2.1,6
1243914,1,HC Knight,England,7.0,42,42,22,0,3.14,0
1243914,2,SS Connell,West Indies,10.0,66,60,38,3,3.8,6
1243914,2,CA Henry,West Indies,4.0,27,24,15,0,3.75,3
1243914,2,HK Matthews,West Indies,10.0,60,60,40,2,4.0,0
1243914,2,AA Alleyne,West Indies,7.0,44,42,32,1,4.57,3
1243914,2,A Mohammed,West Indies,4.4,28,28,25,2,5.36,1
1243914,2,SC Selman,West Indies,6.0,38,36,24,0,4.0,2
1243914,2,DJS Dottin,West Indies,2.0,14,12,23,0,11.5,3
1243914,2,SR Taylor,West Indies,4.0,26,24,21,1,5.25,2
1243915,1,J Goswami,India,9.0,54,54,42,1,4.67,1
1243915,1,Meghna Singh,India,8.0,51,48,49,0,6.12,3
1243915,1,RS Gayakwad,India,10.0,61,60,50,2,5.0,5
1243915,1,P Vastrakar,India,10.0,60,60,35,4,3.5,1
1243915,1,DB Sharma,India,8.0,48,48,52,1,6.5,0
1243915,1,S Rana,India,5.0,30,30,32,0,6.4,0
1243915,2,FL Mackay,New Zealand,8.0,48,48,25,0,3.12,0
1243915,2,JM Kerr,New Zealand,7.0,43,42,40,1,5.71,1
1243915,2,HM Rowe,New Zealand,6.0,37,36,28,1,4.67,1
1243915,2,LMM Tahuhu,New Zealand,10.0,62,60,17,3,1.7,2
1243915,2,HNK Jensen,New Zealand,6.4,40,40,31,2,4.65,1
1243915,2,AC Kerr,New Zealand,9.0,54,54,57,3,6.33,1
1243916,1,Fatima Sana,Pakistan,10.0,62,60,44,3,4.4,4
1243916,1,Diana Baig,Pakistan,6.0,37,36,23,1,3.83,1
1243916,1,Nida Dar,Pakistan,9.0,54,54,49,0,5.44,0
1243916,1,Nashra Sandhu,Pakistan,10.0,61,60,27,1,2.7,1
1243916,1,Umaima Sohail,Pakistan,6.1,38,37,27,0,4.38,2
1243916,1,Ghulam Fatima,Pakistan,9.0,54,54,53,3,5.89,1
1243916,2,S Ismail,South Africa,9.5,61,59,41,3,4.17,2
1243916,2,M Kapp,South Africa,10.0,62,60,43,2,4.3,2
1243916,2,A Khaka,South Africa,10.0,63,60,44,2,4.4,4
1243916,2,CL Tryon,South Africa,7.0,44,42,29,0,4.14,2
1243916,2,M Klaas,South Africa,10.0,60,60,50,1,5.0,1
1243916,2,S Luus,South Africa,3.0,18,18,10,0,3.33,0
1243917,1,SS Connell,West Indies,10.0,62,60,57,1,5.7,2
1243917,1,CA Henry,West Indies,2.0,13,12,19,0,9.5,1
1243917,1,HK Matthews,West Indies,10.0,60,60,65,1,6.5,0
1243917,1,SC Selman,West Indies,7.0,46,42,41,1,5.86,4
1243917,1,A Mohammed,West Indies,9.0,57,54,59,2,6.56,4
1243917,1,DJS Dottin,West Indies,5.0,31,30,32,1,6.4,1
1243917,1,SR Taylor,West Indies,3.0,19,18,18,0,6.0,1
1243917,1,AA Alleyne,West Indies,4.0,25,24,26,1,6.5,1
1243917,2,J Goswami,India,6.0,36,36,43,1,7.17,0
1243917,2,Meghna Singh,India,6.0,36,36,28,2,4.67,1
1243917,2,DB Sharma,India,7.0,42,42,24,0,3.43,0
1243917,2,RS Gayakwad,India,10.0,60,60,24,1,2.4,0
1243917,2,P Vastrakar,India,2.0,12,12,21,1,10.5,0
1243917,2,S Rana,India,9.3,57,57,22,3,2.32,0
1243918,1,JM Kerr,New Zealand,8.0,50,48,34,0,4.25,2
1243918,1,HM Rowe,New Zealand,9.0,56,54,51,1,5.67,3
1243918,1,FL Mackay,New Zealand,7.0,42,42,34,1,4.86,0
1243918,1,HNK Jensen,New Zealand,8.0,54,48,55,1,6.88,6
1243918,1,LMM Tahuhu,New Zealand,9.0,55,54,53,3,5.89,1
1243918,1,AC Kerr,New Zealand,9.0,55,54,42,1,4.67,1
1243918,2,EA Perry,Australia,5.0,31,30,18,1,3.6,1
1243918,2,D Brown,Australia,7.0,42,42,22,3,3.14,0
1243918,2,TM McGrath,Australia,3.0,18,18,17,1,5.67,0
1243918,2,A Wellington,Australia,6.0,36,36,34,2,5.67,0
1243918,2,ML Schutt,Australia,6.0,38,36,22,1,3.67,2
1243918,2,A Gardner,Australia,3.2,20,20,15,2,4.5,0
1243919,1,S Ismail,South Africa,5.0,31,30,23,0,4.6,1
1243919,1,M Kapp,South Africa,10.0,63,60,45,5,4.5,4
1243919,1,A Khaka,South Africa,10.0,62,60,60,1,6.0,3
1243919,1,M Klaas,South Africa,8.0,50,48,28,2,3.5,7
1243919,1,CL Tryon,South Africa,10.0,60,60,45,0,4.5,1
1243919,1,S Luus,South Africa,7.0,45,42,34,0,4.86,4
1243919,2,KH Brunt,England,9.0,54,54,56,0,6.22,2
1243919,2,A Shrubsole,England,9.0,56,54,34,2,3.78,2
1243919,2,KL Cross,England,8.0,48,48,40,1,5.0,0
1243919,2,S Ecclestone,England,10.0,60,60,27,1,2.7,4
1243919,2,NR Sciver,England,4.2,29,26,27,1,6.23,10
1243919,2,CE Dean,England,6.0,38,36,33,1,5.5,2
1243919,2,HC Knight,England,3.0,18,18,19,0,6.33,0
1243920,1,Fatima Sana,Pakistan,10.0,61,60,54,1,5.4,1
1243920,1,Diana Baig,Pakistan,5.0,33,30,33,0,6.6,4
1243920,1,Nida Dar,Pakistan,10.0,60,60,45,1,4.5,0
1243920,1,Nashra Sandhu,Pakistan,10.0,61,60,41,3,4.1,5
1243920,1,Ghulam Fatima,Pakistan,7.0,45,42,30,0,4.29,3
1243920,1,Umaima Sohail,Pakistan,8.0,49,48,31,1,3.88,3
1243920,2,Jahanara Alam,Bangladesh,4.0,25,24,20,1,5.0,1
1243920,2,Fariha Trisna,Bangladesh,4.0,25,24,19,0,4.75,1
1243920,2,Salma Khatun,Bangladesh,9.0,54,54,29,1,3.22,0
1243920,2,Nahida Akter,Bangladesh,9.0,55,54,48,0,5.33,1
1243920,2,Rumana Ahmed,Bangladesh,7.0,42,42,29,2,4.14,0
1243920,2,Ritu Moni,Bangladesh,9.0,58,54,42,0,4.67,4
1243920,2,Fahima Khatun,Bangladesh,8.0,49,48,38,3,4.75,3
1243921,1,ML Schutt,Australia,9.0,54,54,24,1,2.67,1
1243921,1,EA Perry,Australia,8.0,51,48,27,3,3.38,8
1243921,1,TM McGrath,Australia,4.0,25,24,17,0,4.25,1
1243921,1,A King,Australia,7.0,42,42,19,0,2.71,1
1243921,1,A Gardner,Australia,10.0,61,60,26,3,2.6,2
1243921,1,JL Jonassen,Australia,7.5,47,47,18,2,2.3,0
1243921,2,HK Matthews,West Indies,8.0,48,48,32,1,4.0,1
1243921,2,SS Connell,West Indies,6.0,39,36,32,1,5.33,3
1243921,2,K Ramharack,West Indies,6.0,39,36,21,0,3.5,3
1243921,2,CA Henry,West Indies,5.0,30,30,21,1,4.2,1
1243921,2,SC Selman,West Indies,4.0,24,24,18,0,4.5,0
1243921,2,SR Taylor,West Indies,1.2,8,8,8,0,6.0,0
1243922,1,KH Brunt,England,4.0,25,24,19,0,4.75,2
1243922,1,A Shrubsole,England,6.0,38,36,21,2,3.5,3
1243922,1,NR Sciver,England,4.0,26,24,17,0,4.25,5
1243922,1,S Ecclestone,England,9.0,55,54,27,1,3.0,1
1243922,1,CE Dean,England,8.2,50,50,23,4,2.76,0
1243922,1,KL Cross,England,3.0,20,18,23,1,7.67,2
1243922,1,HC Knight,England,2.0,12,12,4,0,2.0,0
1243922,2,J Goswami,India,7.0,44,42,21,1,3.0,2
1243922,2,Meghna Singh,India,7.2,45,44,26,3,3.55,1
1243922,2,RS Gayakwad,India,7.0,42,42,35,1,5.0,0
1243922,2,P Vastrakar,India,5.0,31,30,22,1,4.4,1
1243922,2,S Rana,India,3.0,18,18,19,0,6.33,0
1243922,2,DB Sharma,India,2.0,12,12,13,0,6.5,0
1243923,1,S Ismail,South Africa,9.0,54,54,28,3,3.11,1
1243923,1,M Kapp,South Africa,10.0,63,60,45,2,4.5,4
1243923,1,A Khaka,South Africa,8.5,56,53,31,3,3.51,3
1243923,1,M Klaas,South Africa,2.0,13,12,19,0,9.5,1
1243923,1,CL Tryon,South Africa,10.0,60,60,57,0,5.7,0
1243923,1,S Luus,South Africa,8.0,51,48,48,1,6.0,3
1243923,2,FL Mackay,New Zealand,8.3,52,51,49,2,5.76,1
1243923,2,JM Kerr,New Zealand,7.0,43,42,24,0,3.43,2
1243923,2,HM Rowe,New Zealand,10.0,65,60,32,1,3.2,5
1243923,2,SFM Devine,New Zealand,5.0,31,30,27,1,5.4,1
1243923,2,LMM Tahuhu,New Zealand,9.0,55,54,46,0,5.11,3
1243923,2,AC Kerr,New Zealand,10.0,61,60,51,3,5.1,6
1243924,1,Jahanara Alam,Bangladesh,7.0,42,42,27,1,3.86,4
1243924,1,Fariha Trisna,Bangladesh,6.0,37,36,22,0,3.67,1
1243924,1,Salma Khatun,Bangladesh,10.0,60,60,23,2,2.3,0
1243924,1,Nahida Akter,Bangladesh,10.0,61,60,23,2,2.3,1
1243924,1,Fahima Khatun,Bangladesh,8.0,48,48,19,0,2.38,0
1243924,1,Rumana Ahmed,Bangladesh,6.0,36,36,11,1,1.83,0
1243924,1,Ritu Moni,Bangladesh,3.0,19,18,15,1,5.0,5
1243924,2,HK Matthews,West Indies,10.0,61,60,15,4,1.5,1
1243924,2,SS Connell,West Indies,3.0,19,18,15,0,5.0,1
1243924,2,DJS Dottin,West Indies,4.0,28,24,20,0,5.0,4
1243924,2,ASS Fletcher,West Indies,10.0,62,60,29,3,2.9,2
1243924,2,K Ramharack,West Indies,10.0,60,60,15,0,1.5,0
1243924,2,SR Taylor,West Indies,9.3,64,57,29,3,3.05,7
1243924,2,AA Alleyne,West Indies,3.0,18,18,13,0,4.33,0
1243925,1,ML Schutt,Australia,10.0,60,60,58,0,5.8,1
1243925,1,D Brown,Australia,8.0,51,48,30,3,3.75,3
1243925,1,JL Jonassen,Australia,7.0,42,42,41,1,5.86,1
1243925,1,EA Perry,Australia,3.0,24,18,24,0,8.0,10
1243925,1,A Gardner,Australia,6.0,40,36,36,0,6.0,9
1243925,1,TM McGrath,Australia,6.0,37,36,35,0,5.83,2
1243925,1,A King,Australia,10.0,62,60,53,2,5.3,3
1243925,2,J Goswami,India,9.3,58,57,64,0,6.74,1
1243925,2,Meghna Singh,India,10.0,65,60,68,1,6.8,5
1243925,2,RS Gayakwad,India,10.1,62,61,49,0,4.82,2
1243925,2,P Vastrakar,India,10.0,62,60,43,2,4.3,2
1243925,2,S Rana,India,10.0,60,60,56,1,5.6,0
1243926,1,KH Brunt,England,6.5,44,41,39,0,5.71,4
1243926,1,A Shrubsole,England,3.0,20,18,23,0,7.67,5
1243926,1,KL Cross,England,10.0,61,60,36,3,3.6,2
1243926,1,NR Sciver,England,9.0,54,54,28,0,3.11,1
1243926,1,CE Dean,England,10.0,60,60,36,2,3.6,0
1243926,1,S Ecclestone,England,10.0,60,60,41,3,4.1,0
1243926,2,JM Kerr,New Zealand,10.0,62,60,40,2,4.0,6
1243926,2,HM Rowe,New Zealand,10.0,65,60,53,0,5.3,5
1243926,2,LMM Tahuhu,New Zealand,4.4,28,28,18,1,3.86,0
1243926,2,BM Halliday,New Zealand,3.4,22,22,18,1,4.91,0
1243926,2,AC Kerr,New Zealand,10.0,63,60,41,0,4.1,3
1243926,2,FL Mackay,New Zealand,9.0,55,54,34,4,3.78,1
1243927,1,Diana Baig,Pakistan,2.0,12,12,17,0,8.5,0
1243927,1,Anam Amin,Pakistan,4.0,24,24,6,0,1.5,0
1243927,1,Fatima Sana,Pakistan,4.0,24,24,20,1,5.0,6
1243927,1,Nashra Sandhu,Pakistan,4.0,24,24,24,1,6.0,0
1243927,1,Nida Dar,Pakistan,4.0,24,24,10,4,2.5,0
1243927,1,Umaima Sohail,Pakistan,2.0,13,12,12,1,6.0,1
1243927,2,HK Matthews,West Indies,4.0,24,24,16,0,4.0,0
1243927,2,CA Henry,West Indies,2.0,12,12,8,0,4.0,0
1243927,2,A Mohammed,West Indies,4.0,24,24,21,0,5.25,0
1243927,2,ASS Fletcher,West Indies,4.0,25,24,23,1,5.75,1
1243927,2,SC Selman,West Indies,3.5,25,23,15,1,3.91,2
1243927,2,DJS Dottin,West Indies,1.0,6,6,7,0,7.0,0
1243928,1,ML Schutt,Australia,10.0,61,60,55,1,5.5,1
1243928,1,EA Perry,Australia,3.0,21,18,18,0,6.0,3
1243928,1,JL Jonassen,Australia,10.0,60,60,52,1,5.2,0
1243928,1,A Gardner,Australia,10.0,61,60,52,1,5.2,2
1243928,1,A Sutherland,Australia,6.0,38,36,30,1,5.0,6
1243928,1,TM McGrath,Australia,4.0,25,24,29,0,7.25,5
1243928,1,A King,Australia,7.0,42,42,35,1,5.0,0
1243928,2,S Ismail,South Africa,7.0,42,42,37,2,5.29,4
1243928,2,M Kapp,South Africa,8.0,50,48,39,0,4.88,3
1243928,2,A Khaka,South Africa,9.2,60,56,48,0,5.14,4
1243928,2,CL Tryon,South Africa,8.0,49,48,44,2,5.5,1
1243928,2,TS Sekhukhune,South Africa,7.0,45,42,69,0,9.86,6
1243928,2,S Luus,South Africa,6.0,36,36,35,0,5.83,0
1243929,1,Salma Khatun,Bangladesh,8.0,48,48,25,0,3.12,2
1243929,1,Jahanara Alam,Bangladesh,8.0,48,48,52,1,6.5,0
1243929,1,Nahida Akter,Bangladesh,9.0,55,54,44,2,4.89,3
1243929,1,Ritu Moni,Bangladesh,10.0,60,60,37,3,3.7,0
1243929,1,Rumana Ahmed,Bangladesh,8.0,49,48,27,0,3.38,1
1243929,1,Lata Mondal,Bangladesh,4.0,24,24,22,0,5.5,2
1243929,1,Fahima Khatun,Bangladesh,3.0,18,18,22,0,7.33,0
1243929,2,J Goswami,India,7.3,47,45,20,2,2.67,3
1243929,2,RS Gayakwad,India,10.0,60,60,17,1,1.7,2
1243929,2,P Vastrakar,India,6.0,36,36,26,2,4.33,0
1243929,2,S Rana,India,10.0,60,60,30,4,3.0,0
1243929,2,Poonam Yadav,India,7.0,42,42,26,1,3.71,1
1243930,1,SS Connell,West Indies,4.0,26,24,18,1,4.5,2
1243930,1,CA Henry,West Indies,5.0,32,30,19,3,3.8,2
1243930,1,DJS Dottin,West Indies,1.0,6,6,9,0,9.0,0
1243930,1,HK Matthews,West Indies,0.5,5,5,15,0,18.0,0
1243931,1,KH Brunt,England,8.0,49,48,17,3,2.12,1
1243931,1,A Shrubsole,England,6.0,36,36,17,0,2.83,0
1243931,1,NR Sciver,England,8.0,49,48,20,0,2.5,2
1243931,1,KL Cross,England,8.0,48,48,19,1,2.38,0
1243931,1,S Ecclestone,England,8.3,53,51,19,3,2.24,3
1243931,1,HC Knight,England,3.0,18,18,13,1,4.33,0
1243931,2,Diana Baig,Pakistan,6.0,38,36,14,1,2.33,2
1243931,2,Fatima Sana,Pakistan,2.2,15,14,21,0,9.0,1
1243931,2,Aiman Anwer,Pakistan,3.0,18,18,21,0,7.0,0
1243931,2,Aliya Riaz,Pakistan,1.0,8,6,10,0,10.0,2
1243931,2,Nashra Sandhu,Pakistan,4.0,24,24,20,0,5.0,0
1243931,2,Nida Dar,Pakistan,3.0,18,18,21,0,7.0,0
1243932,1,ML Schutt,Australia,8.0,50,48,26,1,3.25,3
1243932,1,D Brown,Australia,6.0,42,36,27,0,4.5,8
1243932,1,A Gardner,Australia,8.0,50,48,24,2,3.0,3
1243932,1,JL Jonassen,Australia,9.0,55,54,13,2,1.44,1
1243932,1,A Sutherland,Australia,6.0,39,36,22,1,3.67,3
1243932,1,A King,Australia,6.0,36,36,23,0,3.83,0
1243932,2,Jahanara Alam,Bangladesh,4.0,25,24,14,0,3.5,2
1243932,2,Salma Khatun,Bangladesh,9.0,55,54,23,3,2.56,1
1243932,2,Lata Mondal,Bangladesh,2.0,12,12,13,0,6.5,1
1243932,2,Nahida Akter,Bangladesh,5.0,30,30,33,1,6.6,0
1243932,2,Rumana Ahmed,Bangladesh,8.1,49,49,35,1,4.29,0
1243932,2,Ritu Moni,Bangladesh,2.0,12,12,11,0,5.5,0
1243932,2,Fahima Khatun,Bangladesh,2.0,13,12,7,0,3.5,2
1243933,1,Diana Baig,Pakistan,5.0,31,30,24,0,4.8,2
1243933,1,Anam Amin,Pakistan,9.0,54,54,58,1,6.44,0
1243933,1,Fatima Sana,Pakistan,10.0,62,60,70,1,7.0,3
1243933,1,Nashra Sandhu,Pakistan,10.0,60,60,50,1,5.0,0
1243933,1,Nida Dar,Pakistan,10.0,60,60,39,3,3.9,0
1243933,1,Umaima Sohail,Pakistan,6.0,36,36,24,0,4.0,0
1243933,2,JM Kerr,New Zealand,7.0,44,42,22,0,3.14,4
1243933,2,HM Rowe,New Zealand,10.0,62,60,55,5,5.5,2
1243933,2,FL Mackay,New Zealand,10.0,60,60,29,2,2.9,0
1243933,2,RA Mair,New Zealand,8.0,52,48,29,1,3.62,4
1243933,2,AC Kerr,New Zealand,10.0,61,60,36,1,3.6,1
1243933,2,AE Satterthwaite,New Zealand,5.0,30,30,23,0,4.6,0
1243934,1,Jahanara Alam,Bangladesh,8.0,53,48,40,1,5.0,6
1243934,1,Salma Khatun,Bangladesh,10.0,60,60,46,2,4.6,0
1243934,1,Nahida Akter,Bangladesh,9.0,54,54,43,0,4.78,1
1243934,1,Ritu Moni,Bangladesh,10.0,60,60,36,1,3.6,0
1243934,1,Fahima Khatun,Bangladesh,4.0,24,24,24,1,6.0,0
1243934,1,Rumana Ahmed,Bangladesh,3.0,18,18,13,0,4.33,0
1243934,1,Lata Mondal,Bangladesh,6.0,39,36,32,1,5.33,3
1243934,2,KH Brunt,England,5.0,30,30,7,0,1.4,0
1243934,2,NR Sciver,England,4.0,24,24,13,0,3.25,0
1243934,2,S Ecclestone,England,10.0,60,60,15,3,1.5,0
1243934,2,KL Cross,England,5.0,30,30,18,0,3.6,0
1243934,2,CE Dean,England,9.0,55,54,31,3,3.44,1
1243934,2,FR Davies,England,10.0,62,60,36,2,3.6,2
1243934,2,HC Knight,England,5.0,30,30,14,1,2.8,0
1243935,1,S Ismail,South Africa,10.0,63,60,42,2,4.2,4
1243935,1,M Kapp,South Africa,9.0,58,54,56,0,6.22,4
1243935,1,A Khaka,South Africa,9.0,57,54,60,1,6.67,7
1243935,1,CL Tryon,South Africa,10.0,61,60,51,1,5.1,1
1243935,1,M Klaas,South Africa,8.0,49,48,39,2,4.88,2
1243935,1,S Luus,South Africa,4.0,24,24,26,0,6.5,0
1243935,2,Meghna Singh,India,6.0,38,36,37,0,6.17,3
1243935,2,DB Sharma,India,10.0,61,60,43,0,4.3,3
1243935,2,S Rana,India,10.0,61,60,54,0,5.4,1
1243935,2,RS Gayakwad,India,10.0,60,60,61,2,6.1,0
1243935,2,P Vastrakar,India,6.0,36,36,38,0,6.33,1
1243935,2,H Kaur,India,8.0,48,48,42,2,5.25,0
1243936,1,SS Connell,West Indies,8.0,51,48,45,1,5.62,3
1243936,1,CA Henry,West Indies,9.0,55,54,51,2,5.67,1
1243936,1,HK Matthews,West Indies,9.0,54,54,45,0,5.0,0
1243936,1,A Mohammed,West Indies,2.0,13,12,20,0,10.0,1
1243936,1,K Ramharack,West Indies,9.0,56,54,65,0,7.22,2
1243936,1,DJS Dottin,West Indies,3.0,20,18,31,0,10.33,2
1243936,1,SR Taylor,West Indies,5.0,31,30,48,0,9.6,1
1243936,2,D Brown,Australia,6.0,40,36,37,0,6.17,4
1243936,2,ML Schutt,Australia,4.0,25,24,8,1,2.0,1
1243936,2,A Sutherland,Australia,6.0,38,36,26,1,4.33,2
1243936,2,TM McGrath,Australia,4.0,25,24,17,1,4.25,1
1243936,2,A King,Australia,6.0,36,36,19,1,3.17,0
1243936,2,A Gardner,Australia,6.0,36,36,27,1,4.5,1
1243936,2,JL Jonassen,Australia,5.0,30,30,14,2,2.8,0
1243937,1,S Ismail,South Africa,10.0,63,60,46,3,4.6,3
1243937,1,M Kapp,South Africa,10.0,63,60,52,2,5.2,3
1243937,1,A Khaka,South Africa,10.0,62,60,66,1,6.6,2
1243937,1,M Klaas,South Africa,10.0,62,60,59,2,5.9,6
1243937,1,CL Tryon,South Africa,10.0,62,60,70,0,7.0,6
1243937,2,KH Brunt,England,4.0,25,24,9,0,2.25,1
1243937,2,A Shrubsole,England,5.0,30,30,27,2,5.4,0
1243937,2,NR Sciver,England,5.0,30,30,16,0,3.2,0
1243937,2,KL Cross,England,6.0,37,36,23,1,3.83,2
1243937,2,CE Dean,England,10.0,64,60,45,1,4.5,8
1243937,2,S Ecclestone,England,8.0,49,48,36,6,4.5,4
1243938,1,KH Brunt,England,10.0,61,60,70,0,7.0,2
1243938,1,A Shrubsole,England,10.0,61,60,51,3,5.1,6
1243938,1,NR Sciver,England,8.0,49,48,65,0,8.12,1
1243938,1,CE Dean,England,4.0,25,24,34,0,8.5,1
1243938,1,S Ecclestone,England,10.0,62,60,71,1,7.1,2
1243938,1,KL Cross,England,8.0,52,48,65,0,8.12,8
1243938,2,ML Schutt,Australia,8.0,50,48,42,2,5.25,2
1243938,2,D Brown,Australia,7.0,46,42,59,0,8.43,6
1243938,2,A King,Australia,10.0,60,60,65,3,6.5,1
1243938,2,TM McGrath,Australia,8.0,48,48,46,1,5.75,0
1243938,2,JL Jonassen,Australia,8.4,52,52,58,3,6.69,1
1243938,2,A Gardner,Australia,2.0,12,12,15,1,7.5,0
1490413,1,WGAKK Kulasuriya,Sri Lanka,8.0,49,48,46,1,5.75,5
1490413,1,KDU Prabodhani,Sri Lanka,10.0,62,60,56,2,5.6,3
1490413,1,BMSM Kumari,Sri Lanka,9.0,55,54,46,0,5.11,1
1490413,1,WK Dilhari,Sri Lanka,8.0,52,48,51,0,6.38,4
1490413,1,I Ranaweera,Sri Lanka,9.0,55,54,46,4,5.11,1
1490413,1,AC Jayangani,Sri Lanka,3.0,19,18,24,1,8.0,1
1490413,2,K Goud,India,9.0,55,54,43,1,4.78,3
1490413,2,AB Kaur,India,6.0,38,36,37,1,6.17,2
1490413,2,S Rana,India,10.0,63,60,32,2,3.2,3
1490413,2,DB Sharma,India,10.0,62,60,54,3,5.4,3
1490413,2,N Shree Charani,India,8.0,48,48,37,2,4.62,0
1490413,2,Pratika Rawal,India,2.4,17,16,8,1,3.0,3
1490414,1,BG Illing,New Zealand,9.0,56,54,75,2,8.33,2
1490414,1,JM Kerr,New Zealand,8.3,53,51,60,3,7.06,3
1490414,1,SFM Devine,New Zealand,8.0,51,48,55,0,6.88,3
1490414,1,AC Kerr,New Zealand,10.0,62,60,54,2,5.4,2
1490414,1,LMM Tahuhu,New Zealand,8.0,51,48,43,3,5.38,4
1490414,1,EJ Carson,New Zealand,6.0,36,36,39,0,6.5,0
1490414,2,KJ Garth,Australia,8.0,49,48,34,0,4.25,1
1490414,2,S Molineux,Australia,8.2,50,50,25,3,3.0,0
1490414,2,D Brown,Australia,4.0,24,24,52,0,13.0,0
1490414,2,A Sutherland,Australia,9.0,56,54,33,3,3.67,9
1490414,2,A King,Australia,8.0,48,48,46,2,5.75,2
1490414,2,A Gardner,Australia,6.0,37,36,47,0,7.83,1
1490415,1,Marufa Akter,Bangladesh,7.0,46,42,31,2,4.43,5
1490415,1,Nishita Akter Nishi,Bangladesh,6.0,36,36,28,1,4.67,0
1490415,1,Nahida Akter,Bangladesh,8.0,49,48,20,2,2.5,2
1490415,1,Fahima Khatun,Bangladesh,7.0,43,42,32,1,4.57,1
1490415,1,Rabeya Khan,Bangladesh,7.0,43,42,13,1,1.86,1
1490415,1,Shorna Akter,Bangladesh,3.3,21,21,5,3,1.43,0
1490415,2,Fatima Sana,Pakistan,8.0,51,48,30,1,3.75,4
1490415,2,Diana Baig,Pakistan,8.0,50,48,14,1,1.75,2
1490415,2,Sadia Iqbal,Pakistan,6.0,37,36,22,0,3.67,2
1490415,2,Rameen Shamim,Pakistan,5.0,31,30,29,1,5.8,9
1490415,2,Nashra Sandhu,Pakistan,3.1,20,19,27,0,8.53,1
1490415,2,Umaima Sohail,Pakistan,1.0,6,6,9,0,9.0,0
1490416,1,LK Bell,England,4.0,25,24,24,1,6.0,1
1490416,1,LCN Smith,England,4.0,24,24,7,3,1.75,0
1490416,1,NR Sciver-Brunt,England,3.0,19,18,5,2,1.67,1
1490416,1,S Ecclestone,England,6.0,37,36,19,2,3.17,5
1490416,1,CE Dean,England,3.4,23,22,14,2,3.82,1
1490416,2,M Kapp,South Africa,4.0,24,24,13,0,3.25,0
1490416,2,CL Tryon,South Africa,3.0,20,18,17,0,5.67,6
1490416,2,M Klaas,South Africa,4.0,27,24,19,0,4.75,4
1490416,2,N Mlaba,South Africa,2.0,12,12,11,0,5.5,2
1490416,2,A Khaka,South Africa,1.1,7,7,13,0,11.14,0
1490418,1,Sadia Iqbal,Pakistan,10.0,61,60,48,2,4.8,2
1490418,1,Diana Baig,Pakistan,10.0,63,60,69,4,6.9,3
1490418,1,Fatima Sana,Pakistan,10.0,61,60,39,2,3.9,2
1490418,1,Rameen Shamim,Pakistan,10.0,60,60,39,1,3.9,0
1490418,1,Nashra Sandhu,Pakistan,10.0,60,60,52,1,5.2,0
1490418,2,Renuka Singh,India,10.0,65,60,29,0,2.9,5
1490418,2,K Goud,India,10.0,61,60,21,3,2.1,2
1490418,2,S Rana,India,8.0,48,48,38,2,4.75,0
1490418,2,N Shree Charani,India,6.0,36,36,26,0,4.33,0
1490418,2,DB Sharma,India,9.0,55,54,45,3,5.0,1
1490419,1,M Kapp,South Africa,8.0,49,48,34,1,4.25,1
1490419,1,A Khaka,South Africa,7.5,51,47,31,1,3.96,5
1490419,1,M Klaas,South Africa,7.0,45,42,36,0,5.14,11
1490419,1,N de Klerk,South Africa,7.0,44,42,33,1,4.71,3
1490419,1,N Mlaba,South Africa,10.0,60,60,41,4,4.1,1
1490419,1,CL Tryon,South Africa,3.0,18,18,24,1,8.0,0
1490419,1,S Luus,South Africa,5.0,30,30,32,0,6.4,0
1490419,2,JM Kerr,New Zealand,7.0,49,42,41,1,5.86,7
1490419,2,BG Illing,New Zealand,6.0,39,36,31,0,5.17,4
1490419,2,SFM Devine,New Zealand,4.0,24,24,25,0,6.25,0
1490419,2,LMM Tahuhu,New Zealand,6.0,39,36,28,1,4.67,4
1490419,2,AC Kerr,New Zealand,10.0,60,60,62,2,6.2,0
1490419,2,EJ Carson,New Zealand,4.5,29,29,33,0,6.83,0
1490419,2,BM Halliday,New Zealand,3.0,19,18,14,0,4.67,1
1490420,1,LK Bell,England,7.0,45,42,28,1,4.0,3
1490420,1,LCN Smith,England,9.4,59,58,33,2,3.41,1
1490420,1,NR Sciver-Brunt,England,5.0,31,30,33,0,6.6,2
1490420,1,S Ecclestone,England,10.0,63,60,24,3,2.4,4
1490420,1,CE Dean,England,10.0,63,60,29,2,2.9,5
1490420,1,A Capsey,England,8.0,50,48,31,2,3.88,2
1490420,2,Marufa Akter,Bangladesh,5.0,37,30,28,2,5.6,7
1490420,2,Nahida Akter,Bangladesh,8.0,48,48,35,0,4.38,1
1490420,2,Sanjida Akter Meghla,Bangladesh,7.0,42,42,24,1,3.43,0
1490420,2,Rabeya Khan,Bangladesh,7.0,42,42,39,0,5.57,0
1490420,2,Fahima Khatun,Bangladesh,10.0,61,60,16,3,1.6,1
1490420,2,Shorna Akter,Bangladesh,7.0,42,42,33,0,4.71,0
1490420,2,Ritu Moni,Bangladesh,2.0,12,12,3,0,1.5,0
1490420,2,S Mostary,Bangladesh,0.1,1,1,4,0,24.0,0
1490421,1,Diana Baig,Pakistan,10.0,64,60,74,1,7.4,5
1490421,1,Fatima Sana,Pakistan,10.0,61,60,49,2,4.9,1
1490421,1,Sadia Iqbal,Pakistan,10.0,62,60,32,1,3.2,2
1490421,1,Rameen Shamim,Pakistan,10.0,60,60,29,2,2.9,0
1490421,1,Nashra Sandhu,Pakistan,10.0,60,60,37,3,3.7,0
1490421,2,KJ Garth,Australia,6.0,39,36,14,3,2.33,3
1490421,2,ML Schutt,Australia,5.0,31,30,25,2,5.0,1
1490421,2,A King,Australia,6.0,36,36,19,1,3.17,0
1490421,2,A Sutherland,Australia,8.3,53,51,23,2,2.71,10
1490421,2,A Gardner,Australia,7.0,44,42,18,1,2.57,4
1490421,2,G Wareham,Australia,4.0,25,24,15,1,3.75,1
1490422,1,M Kapp,South Africa,9.0,57,54,45,2,5.0,3
1490422,1,A Khaka,South Africa,7.0,46,42,47,0,6.71,4
1490422,1,N de Klerk,South Africa,6.5,44,41,52,2,7.61,7
1490422,1,N Mlaba,South Africa,10.0,63,60,46,2,4.6,7
1490422,1,TS Sekhukhune,South Africa,7.0,43,42,29,1,4.14,2
1490422,1,CL Tryon,South Africa,10.0,62,60,32,3,3.2,2
1490422,2,K Goud,India,9.0,56,54,59,2,6.56,2
1490422,2,AB Kaur,India,5.5,38,35,40,1,6.86,3
1490422,2,S Rana,India,10.0,62,60,47,2,4.7,2
1490422,2,N Shree Charani,India,10.0,61,60,37,1,3.7,1
1490422,2,DB Sharma,India,10.0,60,60,54,1,5.4,0
1490422,2,H Kaur,India,4.0,24,24,15,0,3.75,0
1490423,1,Marufa Akter,Bangladesh,7.0,44,42,59,1,8.43,3
1490423,1,Nahida Akter,Bangladesh,10.0,60,60,36,1,3.6,0
1490423,1,Rabeya Khan,Bangladesh,10.0,61,60,30,3,3.0,1
1490423,1,Nishita Akter Nishi,Bangladesh,10.0,62,60,47,1,4.7,2
1490423,1,Fahima Khatun,Bangladesh,9.0,54,54,37,1,4.11,0
1490423,1,Shorna Akter,Bangladesh,4.0,24,24,18,0,4.5,0
1490423,2,RA Mair,New Zealand,6.0,40,36,21,2,3.5,5
1490423,2,JM Kerr,New Zealand,8.0,49,48,21,3,2.62,5
1490423,2,SFM Devine,New Zealand,1.0,8,6,3,0,3.0,2
1490423,2,AC Kerr,New Zealand,10.0,62,60,27,1,2.7,6
1490423,2,LMM Tahuhu,New Zealand,6.0,42,36,22,3,3.67,7
1490423,2,EJ Carson,New Zealand,3.5,23,23,13,1,3.39,0
1490423,2,ML Green,New Zealand,3.0,19,18,11,0,3.67,3
1490423,2,BM Halliday,New Zealand,2.0,13,12,9,0,4.5,2
1490424,1,KDU Prabodhani,Sri Lanka,9.0,54,54,56,2,6.22,1
1490424,1,BMSM Kumari,Sri Lanka,10.0,62,60,67,2,6.7,3
1490424,1,AC Jayangani,Sri Lanka,5.0,30,30,21,0,4.2,0
1490424,1,I Ranaweera,Sri Lanka,10.0,61,60,33,3,3.3,1
1490424,1,D Vihanga,Sri Lanka,8.0,48,48,42,0,5.25,0
1490424,1,WK Dilhari,Sri Lanka,8.0,48,48,34,1,4.25,0
1490424,2,LK Bell,England,8.0,52,48,38,0,4.75,10
1490424,2,LCN Smith,England,8.4,52,52,22,1,2.54,0
1490424,2,NR Sciver-Brunt,England,5.0,33,30,25,2,5.0,3
1490424,2,CE Dean,England,9.0,59,54,47,2,5.22,10
1490424,2,A Capsey,England,5.0,31,30,15,1,3.0,1
1490424,2,S Ecclestone,England,10.0,60,60,17,4,1.7,0
1490425,1,KJ Garth,Australia,5.0,30,30,35,0,7.0,0
1490425,1,ML Schutt,Australia,6.1,37,37,37,1,6.0,0
1490425,1,A Gardner,Australia,7.0,43,42,42,1,6.0,3
1490425,1,S Molineux,Australia,10.0,62,60,75,3,7.5,2
1490425,1,A Sutherland,Australia,9.5,63,59,45,5,4.58,9
1490425,1,TM McGrath,Australia,4.5,32,29,47,0,9.72,8
1490425,1,A King,Australia,6.0,38,36,49,0,8.17,2
1490425,2,AB Kaur,India,9.0,55,54,68,2,7.56,1
1490425,2,K Goud,India,9.0,55,54,73,0,8.11,1
1490425,2,S Rana,India,10.0,62,60,86,0,8.6,3
1490425,2,N Shree Charani,India,10.0,61,60,42,3,4.2,2
1490425,2,DB Sharma,India,10.0,61,60,52,2,5.2,2
1490425,2,H Kaur,India,1.0,6,6,10,0,10.0,0
1490426,1,M Kapp,South Africa,6.0,38,36,28,0,4.67,3
1490426,1,M Klaas,South Africa,6.0,38,36,22,0,3.67,2
1490426,1,N de Klerk,South Africa,9.0,55,54,40,1,4.44,2
1490426,1,CL Tryon,South Africa,10.0,62,60,42,1,4.2,3
1490426,1,TS Sekhukhune,South Africa,9.0,56,54,58,0,6.44,3
1490426,1,N Mlaba,South Africa,10.0,62,60,42,2,4.2,3
1490426,2,Marufa Akter,Bangladesh,4.0,25,24,27,0,6.75,1
1490426,2,Nahida Akter,Bangladesh,9.3,57,57,44,2,4.63,0
1490426,2,Rabeya Khan,Bangladesh,10.0,60,60,48,1,4.8,0
1490426,2,Fahima Khatun,Bangladesh,10.0,61,60,53,1,5.3,3
1490426,2,Ritu Moni,Bangladesh,10.0,61,60,29,1,2.9,1
1490426,2,Shorna Akter,Bangladesh,4.0,24,24,25,0,6.25,0
1490426,2,S Mostary,Bangladesh,2.0,12,12,9,0,4.5,0
1490427,1,BG Illing,New Zealand,7.0,43,42,41,2,5.86,3
1490427,1,RA Mair,New Zealand,6.0,43,36,30,1,5.0,8
1490427,1,EJ Carson,New Zealand,9.0,56,54,44,0,4.89,3
1490427,1,JM Kerr,New Zealand,7.0,45,42,34,0,4.86,3
1490427,1,AC Kerr,New Zealand,10.0,60,60,41,0,4.1,1
1490427,1,SFM Devine,New Zealand,9.0,55,54,56,3,6.22,3
1490427,1,ML Green,New Zealand,2.0,12,12,12,0,6.0,0
1490428,1,Fatima Sana,Pakistan,6.0,37,36,31,4,5.17,5
1490428,1,Diana Baig,Pakistan,3.0,22,18,25,1,8.33,4
1490428,1,Sadia Iqbal,Pakistan,6.0,36,36,16,2,2.67,0
1490428,1,Nashra Sandhu,Pakistan,7.0,42,42,12,0,1.71,0
1490428,1,Rameen Shamim,Pakistan,6.0,36,36,23,1,3.83,1
1490428,1,Umaima Sohail,Pakistan,3.0,18,18,26,0,8.67,0
1490428,2,NR Sciver-Brunt,England,2.0,14,12,13,0,6.5,6
1490428,2,LCN Smith,England,2.0,12,12,11,0,5.5,0
1490428,2,EL Arlott,England,1.4,10,10,10,0,6.0,0
1490428,2,CE Dean,England,1.0,6,6,0,0,0.0,0
1490429,1,ML Schutt,Australia,5.0,30,30,11,1,2.2,0
1490429,1,D Brown,Australia,9.0,57,54,53,0,5.89,4
1490429,1,A Gardner,Australia,9.0,58,54,48,2,5.33,4
1490429,1,A Sutherland,Australia,10.0,65,60,41,2,4.1,5
1490429,1,A King,Australia,10.0,61,60,22,2,2.2,9
1490429,1,G Wareham,Australia,7.0,43,42,23,2,3.29,6
1490429,2,Fariha Trisna,Bangladesh,5.5,36,35,47,0,8.06,5
1490429,2,Nishita Akter Nishi,Bangladesh,4.0,24,24,24,0,6.0,0
1490429,2,Rabeya Khan,Bangladesh,4.0,24,24,34,0,8.5,0
1490429,2,Ritu Moni,Bangladesh,7.0,42,42,54,0,7.71,0
1490429,2,Fahima Khatun,Bangladesh,2.0,12,12,24,0,12.0,0
1490429,2,Shorna Akter,Bangladesh,2.0,12,12,19,0,9.5,0
1490430,1,M Kapp,South Africa,5.0,31,30,18,0,3.6,5
1490430,1,M Klaas,South Africa,5.0,32,30,19,2,3.8,3
1490430,1,CL Tryon,South Africa,2.0,12,12,13,0,6.5,0
1490430,1,N de Klerk,South Africa,4.0,24,24,25,1,6.25,2
1490430,1,N Mlaba,South Africa,4.0,24,24,30,3,7.5,0
1490430,2,BMSM Kumari,Sri Lanka,2.0,12,12,15,0,7.5,0
1490430,2,M Madara,Sri Lanka,3.0,19,18,14,0,4.67,1
1490430,2,I Ranaweera,Sri Lanka,3.0,19,18,25,0,8.33,2
1490430,2,AC Jayangani,Sri Lanka,3.0,18,18,22,0,7.33,0
1490430,2,WK Dilhari,Sri Lanka,3.0,19,18,30,0,10.0,2
1490430,2,PWDM Badalge,Sri Lanka,0.5,6,5,19,0,22.8,5
1490431,1,RA Mair,New Zealand,3.0,20,18,19,0,6.33,2
1490431,1,JM Kerr,New Zealand,4.0,27,24,14,1,3.5,3
1490431,1,LMM Tahuhu,New Zealand,6.0,39,36,21,2,3.5,4
1490431,1,SFM Devine,New Zealand,2.0,13,12,10,0,5.0,1
1490431,1,AC Kerr,New Zealand,6.0,37,36,21,1,3.5,1
1490431,1,EJ Carson,New Zealand,4.0,25,24,7,1,1.75,1
1490432,1,Renuka Singh,India,8.0,52,48,39,0,4.88,6
1490432,1,K Goud,India,8.0,49,48,48,0,6.0,3
1490432,1,S Rana,India,10.0,60,60,56,0,5.6,0
1490432,1,N Shree Charani,India,10.0,62,60,68,2,6.8,3
1490432,1,DB Sharma,India,10.0,61,60,51,4,5.1,1
1490432,1,AB Kaur,India,4.0,24,24,26,0,6.5,0
1490432,2,LK Bell,England,9.0,59,54,52,1,5.78,5
1490432,2,LCN Smith,England,10.0,60,60,40,1,4.0,0
1490432,2,NR Sciver-Brunt,England,8.0,48,48,47,2,5.88,0
1490432,2,CE Dean,England,10.0,61,60,67,1,6.7,5
1490432,2,S Ecclestone,England,10.0,60,60,58,1,5.8,0
1490432,2,A Capsey,England,3.0,18,18,20,0,6.67,0
1490433,1,Marufa Akter,Bangladesh,5.4,35,34,36,1,6.35,1
1490433,1,Nishita Akter Nishi,Bangladesh,10.0,61,60,36,1,3.6,2
1490433,1,Nahida Akter,Bangladesh,7.0,42,42,30,1,4.29,0
1490433,1,Rabeya Khan,Bangladesh,9.0,55,54,39,2,4.33,1
1490433,1,Ritu Moni,Bangladesh,6.0,36,36,33,0,5.5,0
1490433,1,Shorna Akter,Bangladesh,10.0,60,60,27,3,2.7,0
1490433,1,S Mostary,Bangladesh,1.0,6,6,1,0,1.0,0
1490433,2,M Madara,Sri Lanka,7.0,46,42,19,0,2.71,4
1490433,2,KDU Prabodhani,Sri Lanka,7.0,45,42,29,1,4.14,3
1490433,2,BMSM Kumari,Sri Lanka,9.0,55,54,38,2,4.22,1
1490433,2,I Ranaweera,Sri Lanka,10.0,61,60,42,0,4.2,1
1490433,2,AC Jayangani,Sri Lanka,10.0,61,60,42,4,4.2,1
1490433,2,WK Dilhari,Sri Lanka,7.0,43,42,25,0,3.57,1
1490434,1,Sadia Iqbal,Pakistan,8.0,49,48,69,3,8.62,7
1490434,1,Fatima Sana,Pakistan,8.0,51,48,69,1,8.62,3
1490434,1,Diana Baig,Pakistan,5.0,39,30,49,0,9.8,10
1490434,1,Rameen Shamim,Pakistan,8.0,48,48,59,0,7.38,0
1490434,1,Nashra Sandhu,Pakistan,8.0,48,48,46,3,5.75,1
1490434,1,Umaima Sohail,Pakistan,3.0,18,18,20,0,6.67,1
1490434,2,M Kapp,South Africa,5.0,31,30,20,3,4.0,1
1490434,2,A Khaka,South Africa,4.0,25,24,15,1,3.75,6
1490434,2,N Mlaba,South Africa,4.0,24,24,16,0,4.0,0
1490434,2,N Shangase,South Africa,4.0,24,24,19,2,4.75,0
1490434,2,CL Tryon,South Africa,2.0,13,12,9,0,4.5,1
1490434,2,S Luus,South Africa,1.0,6,6,4,0,4.0,1
1490435,1,ML Schutt,Australia,4.0,24,24,21,0,5.25,0
1490435,1,KJ Garth,Australia,7.0,43,42,47,0,6.71,5
1490435,1,A Sutherland,Australia,10.0,61,60,60,3,6.0,1
1490435,1,S Molineux,Australia,10.0,60,60,53,2,5.3,1
1490435,1,A King,Australia,10.0,60,60,24,1,2.4,4
1490435,1,A Gardner,Australia,9.0,56,54,39,2,4.33,2
1490435,2,LK Bell,England,8.0,52,48,48,1,6.0,4
1490435,2,LCN Smith,England,8.0,48,48,43,2,5.38,0
1490435,2,NR Sciver-Brunt,England,7.0,43,42,44,0,6.29,1
1490435,2,S Ecclestone,England,9.3,57,57,62,1,6.53,0
1490435,2,CE Dean,England,6.0,36,36,33,0,5.5,1
1490435,2,A Capsey,England,2.0,12,12,18,0,9.0,0
1490436,1,RA Mair,New Zealand,8.0,48,48,54,1,6.75,2
1490436,1,JM Kerr,New Zealand,8.0,51,48,51,0,6.38,3
1490436,1,SFM Devine,New Zealand,6.0,37,36,34,0,5.67,1
1490436,1,EJ Carson,New Zealand,6.0,36,36,46,0,7.67,0
1490436,1,LMM Tahuhu,New Zealand,4.0,28,24,41,0,10.25,8
1490436,1,AC Kerr,New Zealand,10.0,60,60,73,1,7.3,4
1490436,1,SW Bates,New Zealand,7.0,42,42,41,1,5.86,1
1490436,2,Renuka Singh,India,6.0,37,36,29,2,4.83,6
1490436,2,K Goud,India,9.0,54,54,48,2,5.33,0
1490436,2,S Rana,India,8.0,48,48,60,1,7.5,0
1490436,2,N Shree Charani,India,9.0,54,54,58,1,6.44,0
1490436,2,DB Sharma,India,8.0,48,48,57,1,7.12,0
1490436,2,Pratika Rawal,India,4.0,24,24,19,1,4.75,0
1490437,1,M Madara,Sri Lanka,2.2,14,14,3,0,1.29,0
1490437,1,BMSM Kumari,Sri Lanka,2.0,14,12,15,0,7.5,2
1490438,1,ML Schutt,Australia,5.0,30,30,21,1,4.2,0
1490438,1,KJ Garth,Australia,5.0,30,30,21,1,4.2,0
1490438,1,A Sutherland,Australia,3.0,18,18,18,0,6.0,0
1490438,1,A King,Australia,7.0,42,42,18,7,2.57,0
1490438,1,A Gardner,Australia,4.0,25,24,19,1,4.75,1
1490438,2,M Kapp,South Africa,4.0,25,24,11,1,2.75,2
1490438,2,A Khaka,South Africa,3.0,18,18,24,0,8.0,0
1490438,2,M Klaas,South Africa,3.0,19,18,14,1,4.67,1
1490438,2,N Mlaba,South Africa,3.0,18,18,25,0,8.33,0
1490438,2,N de Klerk,South Africa,3.0,18,18,13,1,4.33,0
1490438,2,A Dercksen,South Africa,0.5,5,5,11,0,13.2,0
1490439,1,LK Bell,England,6.0,37,36,36,0,6.0,2
1490439,1,LCN Smith,England,9.2,57,56,30,3,3.21,1
1490439,1,NR Sciver-Brunt,England,7.0,42,42,31,2,4.43,0
1490439,1,CE Dean,England,7.0,42,42,21,1,3.0,0
1490439,1,A Capsey,England,6.0,39,36,34,2,5.67,3
1490439,1,S Ecclestone,England,0.4,5,4,4,1,6.0,2
1490439,1,SIR Dunkley,England,2.2,14,14,12,0,5.14,0
1490439,2,RA Mair,New Zealand,5.0,31,30,34,0,6.8,2
1490439,2,JM Kerr,New Zealand,5.0,33,30,38,0,7.6,3
1490439,2,SFM Devine,New Zealand,4.2,28,26,20,1,4.62,2
1490439,2,AC Kerr,New Zealand,6.0,36,36,31,0,5.17,0
1490439,2,LMM Tahuhu,New Zealand,4.0,26,24,10,1,2.5,3
1490439,2,EJ Carson,New Zealand,2.0,13,12,18,0,9.0,1
1490439,2,SW Bates,New Zealand,3.0,18,18,21,0,7.0,0
1490440,1,Renuka Singh,India,5.0,31,30,23,1,4.6,1
1490440,1,DB Sharma,India,5.0,32,30,24,1,4.8,2
1490440,1,AB Kaur,India,5.0,32,30,18,1,3.6,2
1490440,1,N Shree Charani,India,6.0,36,36,24,2,4.0,1
1490440,1,RP Yadav,India,6.0,38,36,30,3,5.0,2
1490440,2,Marufa Akter,Bangladesh,2.0,16,12,15,0,7.5,8
1490440,2,Nishita Akter Nishi,Bangladesh,2.0,12,12,18,0,9.0,0
1490440,2,Nahida Akter,Bangladesh,2.0,12,12,12,0,6.0,0
1490440,2,Rabeya Khan,Bangladesh,1.4,10,10,7,0,4.2,0
1490440,2,Ritu Moni,Bangladesh,1.0,6,6,5,0,5.0,0
1490441,1,LK Bell,England,10.0,66,60,56,2,5.6,7
1490441,1,LCN Smith,England,10.0,60,60,70,0,7.0,1
1490441,1,NR Sciver-Brunt,England,8.0,52,48,67,1,8.38,4
1490441,1,CE Dean,England,10.0,60,60,67,0,6.7,0
1490441,1,S Ecclestone,England,10.0,61,60,44,4,4.4,1
1490441,1,A Capsey,England,2.0,12,12,15,0,7.5,0
1490441,2,M Kapp,South Africa,7.0,43,42,20,5,2.86,1
1490441,2,A Khaka,South Africa,8.0,49,48,28,1,3.5,1
1490441,2,N de Klerk,South Africa,5.3,34,33,24,2,4.36,1
1490441,2,N Mlaba,South Africa,8.0,50,48,40,1,5.0,2
1490441,2,S Luus,South Africa,6.0,37,36,41,1,6.83,1
1490441,2,CL Tryon,South Africa,8.0,48,48,41,0,5.12,0
1490442,1,Renuka Singh,India,8.0,51,48,39,0,4.88,3
1490442,1,K Goud,India,6.0,38,36,59,1,9.83,7
1490442,1,N Shree Charani,India,10.0,60,60,49,2,4.9,0
1490442,1,DB Sharma,India,9.5,61,59,73,2,7.42,2
1490442,1,AB Kaur,India,8.0,48,48,52,1,6.5,1
1490442,1,RP Yadav,India,8.0,48,48,66,1,8.25,0
1490442,2,ML Schutt,Australia,6.0,39,36,44,0,7.33,8
1490442,2,KJ Garth,Australia,7.0,44,42,51,2,7.29,7
1490442,2,A Gardner,Australia,8.0,50,48,55,0,6.88,2
1490442,2,S Molineux,Australia,6.3,41,39,44,0,6.77,6
1490442,2,A Sutherland,Australia,10.0,62,60,69,2,6.9,2
1490442,2,A King,Australia,9.0,54,54,59,0,6.56,1
1490442,2,TM McGrath,Australia,2.0,12,12,19,0,9.5,0
1490443,1,M Kapp,South Africa,10.0,62,60,59,0,5.9,2
1490443,1,A Khaka,South Africa,9.0,58,54,59,3,6.56,9
1490443,1,N Mlaba,South Africa,10.0,62,60,47,1,4.7,2
1490443,1,N de Klerk,South Africa,9.0,55,54,53,1,5.89,2
1490443,1,S Luus,South Africa,5.0,30,30,34,0,6.8,0
1490443,1,CL Tryon,South Africa,7.0,42,42,46,1,6.57,0
1490443,2,Renuka Singh,India,8.0,50,48,28,0,3.5,3
1490443,2,K Goud,India,3.0,19,18,16,0,5.33,1
1490443,2,AB Kaur,India,4.0,24,24,34,0,8.5,0
1490443,2,DB Sharma,India,9.3,58,57,39,5,4.11,1
1490443,2,N Shree Charani,India,9.0,58,54,48,1,5.33,8
1490443,2,RP Yadav,India,5.0,31,30,45,0,9.0,1
1490443,2,Shafali Verma,India,7.0,42,42,36,2,5.14,0
357962,1,KH Brunt,England,10.0,62,60,40,0,4.0,3
357962,1,IT Guha,England,8.0,51,48,19,2,2.38,7
357962,1,NJ Shaw,England,10.0,62,60,27,1,2.7,2
357962,1,JL Gunn,England,9.0,57,54,51,3,5.67,4
357962,1,HL Colvin,England,10.0,61,60,22,3,2.2,1
357962,1,CM Edwards,England,1.4,10,10,10,1,6.0,0
357962,2,J Goswami,India,7.0,42,42,19,0,2.71,2
357962,2,R Dhar,India,6.0,36,36,26,0,4.33,1
357962,2,G Sultana,India,10.0,60,60,31,0,3.1,2
357962,2,A Sharma,India,2.0,13,12,15,0,7.5,1
357962,2,P Roy,India,5.4,34,34,28,1,4.94,0
357962,2,SK Naidu,India,3.0,18,18,22,0,7.33,0
357962,2,MDT Kamini,India,5.0,31,30,31,0,6.2,1
594891,1,SC Selman,West Indies,4.0,25,24,26,0,6.5,1
594891,1,SR Taylor,West Indies,10.0,64,60,54,0,5.4,8
594891,1,SF Daley,West Indies,9.0,57,54,51,1,5.67,3
594891,1,A Mohammed,West Indies,10.0,60,60,45,0,4.5,1
594891,1,SL Quintyne,West Indies,10.0,65,60,51,0,5.1,6
594891,1,TD Smartt,West Indies,2.0,13,12,13,0,6.5,2
594891,1,SA Campbelle,West Indies,1.0,7,6,12,0,12.0,1
594891,1,DJS Dottin,West Indies,4.0,27,24,32,3,8.0,4
594891,2,J Goswami,India,9.3,57,57,13,2,1.37,0
594891,2,A Sharma,India,7.0,44,42,28,1,4.0,2
594891,2,N Niranjana,India,9.0,56,54,53,3,5.89,6
594891,2,G Sultana,India,10.0,60,60,39,2,3.9,1
594891,2,RK Parwin,India,7.0,44,42,34,0,4.86,6
594891,2,R Malhotra,India,2.0,15,12,12,1,6.0,3
594894,1,LE Kaushalya,Sri Lanka,9.0,57,54,50,2,5.56,4
594894,1,SS Weerakkody,Sri Lanka,4.0,26,24,21,0,5.25,7
594894,1,CR Seneviratna,Sri Lanka,8.0,49,48,35,2,4.38,1
594894,1,S Ravikumar,Sri Lanka,9.0,54,54,35,0,3.89,0
594894,1,HASD Siriwardene,Sri Lanka,10.0,62,60,63,2,6.3,3
594894,1,SK Dolawatte,Sri Lanka,10.0,60,60,34,1,3.4,0
594894,2,KH Brunt,England,10.0,65,60,36,2,3.6,5
594894,2,GA Elwiss,England,7.0,44,42,39,2,5.57,2
594894,2,D Hazell,England,9.0,55,54,44,1,4.89,1
594894,2,HL Colvin,England,8.0,48,48,47,0,5.88,0
594894,2,A Brindle,England,9.0,55,54,38,2,4.22,1
594894,2,JL Gunn,England,5.0,31,30,32,1,6.4,1
594894,2,DN Wyatt,England,2.0,12,12,8,0,4.0,0
594897,1,J Goswami,India,10.0,61,60,50,2,5.0,1
594897,1,A Sharma,India,5.0,32,30,21,0,4.2,2
594897,1,N Niranjana,India,10.0,63,60,56,2,5.6,3
594897,1,G Sultana,India,10.0,65,60,69,1,6.9,6
594897,1,E Bisht,India,10.0,61,60,44,0,4.4,1
594897,1,R Malhotra,India,5.0,30,30,32,0,6.4,2
594897,2,KH Brunt,England,9.0,55,54,33,4,3.67,5
594897,2,A Shrubsole,England,6.0,38,36,33,1,5.5,3
594897,2,HL Colvin,England,10.0,60,60,29,0,2.9,0
594897,2,LA Marsh,England,10.0,60,60,55,1,5.5,0
594897,2,A Brindle,England,7.0,42,42,37,1,5.29,0
594897,2,DN Wyatt,England,8.0,49,48,53,2,6.62,2
594901,1,J Goswami,India,10.0,62,60,64,3,6.4,7
594901,1,A Sharma,India,10.0,61,60,42,1,4.2,2
594901,1,S Sharma,India,9.0,56,54,52,0,5.78,2
594901,1,E Bisht,India,10.0,62,60,43,0,4.3,3
594901,1,G Sultana,India,10.0,60,60,72,0,7.2,0
594901,1,R Malhotra,India,1.0,8,6,9,0,9.0,2
594901,2,LE Kaushalya,Sri Lanka,7.0,42,42,26,1,3.71,1
594901,2,KDU Prabodhani,Sri Lanka,8.0,48,48,27,1,3.38,2
594901,2,CR Seneviratna,Sri Lanka,7.2,44,44,10,2,1.36,0
594901,2,SS Weerakkody,Sri Lanka,3.0,20,18,10,1,3.33,2
594901,2,HASD Siriwardene,Sri Lanka,8.0,48,48,25,2,3.12,5
594901,2,I Ranaweera,Sri Lanka,7.0,43,42,33,1,4.71,1
594901,2,SK Dolawatte,Sri Lanka,2.0,12,12,13,1,6.5,0
594904,1,KH Brunt,England,7.4,46,46,23,2,3.0,1
594904,1,A Shrubsole,England,10.0,60,60,29,3,2.9,5
594904,1,JL Gunn,England,5.0,33,30,22,1,4.4,7
594904,1,A Brindle,England,8.0,48,48,33,2,4.12,0
594904,1,HL Colvin,England,10.0,60,60,19,2,1.9,0
594904,1,LA Marsh,England,4.0,25,24,21,0,5.25,1
594904,2,ML Schutt,Australia,7.0,44,42,38,2,5.43,3
594904,2,JL Hunter,Australia,7.0,43,42,16,2,2.29,2
594904,2,HL Ferling,Australia,10.0,67,60,37,3,3.7,9
594904,2,LC Sthalekar,Australia,10.0,61,60,19,1,1.9,1
594904,2,SJ Coyte,Australia,8.0,51,48,20,1,2.5,3
594904,2,EA Osborne,Australia,5.3,33,33,15,1,2.73,0
594907,1,ML Schutt,Australia,8.0,49,48,35,2,4.38,2
594907,1,JL Hunter,Australia,6.0,36,36,6,1,1.0,0
594907,1,HL Ferling,Australia,6.0,41,36,24,1,4.0,6
594907,1,LC Sthalekar,Australia,8.2,51,50,26,2,3.12,1
594907,1,SJ Coyte,Australia,7.0,44,42,31,1,4.43,2
594907,1,EA Osborne,Australia,10.0,60,60,9,3,0.9,0
594907,2,KDU Prabodhani,Sri Lanka,4.0,24,24,11,0,2.75,0
594907,2,LE Kaushalya,Sri Lanka,1.0,6,6,8,0,8.0,0
594907,2,CR Seneviratna,Sri Lanka,5.2,32,32,26,0,4.88,0
594907,2,SS Weerakkody,Sri Lanka,3.0,19,18,21,1,7.0,1
594907,2,I Ranaweera,Sri Lanka,2.0,12,12,17,0,8.5,0
594907,2,HASD Siriwardene,Sri Lanka,5.0,30,30,29,0,5.8,1
594907,2,HMD Rasangika,Sri Lanka,2.0,12,12,20,0,10.0,0
594909,1,LMM Tahuhu,New Zealand,5.0,30,30,21,0,4.2,0
594909,1,SEA Ruck,New Zealand,10.0,61,60,33,2,3.3,2
594909,1,NJ Browne,New Zealand,3.0,18,18,15,0,5.0,0
594909,1,KE Broadmore,New Zealand,10.0,62,60,54,0,5.4,2
594909,1,MJG Nielsen,New Zealand,10.0,60,60,27,3,2.7,0
594909,1,SW Bates,New Zealand,8.0,52,48,36,2,4.5,5
594909,1,FL Mackay,New Zealand,4.0,24,24,21,1,5.25,0
594909,2,SF Daley,West Indies,9.0,54,54,37,0,4.11,0
594909,2,TD Smartt,West Indies,9.0,59,54,39,3,4.33,5
594909,2,SC Selman,West Indies,4.0,27,24,32,0,8.0,4
594909,2,SR Taylor,West Indies,10.0,61,60,26,2,2.6,1
594909,2,A Mohammed,West Indies,8.3,51,51,13,1,1.53,0
594909,2,DJS Dottin,West Indies,4.0,25,24,12,2,3.0,6
594912,1,SEA Ruck,New Zealand,9.0,59,54,41,0,4.56,5
594912,1,RH Candy,New Zealand,6.0,37,36,30,0,5.0,1
594912,1,SW Bates,New Zealand,9.0,55,54,54,1,6.0,2
594912,1,MJG Nielsen,New Zealand,10.0,61,60,58,2,5.8,3
594912,1,NJ Browne,New Zealand,10.0,61,60,58,1,5.8,1
594912,1,LR Doolan,New Zealand,6.0,37,36,25,2,4.17,1
594912,2,KH Brunt,England,10.0,61,60,53,1,5.3,8
594912,2,A Brindle,England,6.0,36,36,31,1,5.17,1
594912,2,LA Marsh,England,9.0,55,54,57,0,6.33,1
594912,2,JL Gunn,England,10.0,61,60,26,2,2.6,1
594912,2,HL Colvin,England,10.0,62,60,50,3,5.0,4
594912,2,DN Wyatt,England,5.0,31,30,34,2,6.8,1
594914,1,KH Brunt,England,10.0,61,60,55,0,5.5,2
594914,1,JL Gunn,England,8.0,49,48,21,1,2.62,2
594914,1,D Hazell,England,10.0,60,60,42,1,4.2,0
594914,1,LA Marsh,England,1.0,6,6,8,0,8.0,0
594914,1,A Brindle,England,8.0,48,48,38,2,4.75,0
594914,1,HL Colvin,England,10.0,60,60,31,3,3.1,0
594914,1,DN Wyatt,England,3.0,19,18,25,0,8.33,1
594914,2,LMM Tahuhu,New Zealand,7.0,46,42,35,0,5.0,4
594914,2,SEA Ruck,New Zealand,10.0,61,60,21,2,2.1,2
594914,2,NJ Browne,New Zealand,4.0,27,24,29,0,7.25,3
594914,2,SW Bates,New Zealand,8.0,48,48,44,0,5.5,0
594914,2,LR Doolan,New Zealand,10.0,61,60,50,3,5.0,1
594914,2,FL Mackay,New Zealand,8.0,49,48,43,0,5.38,1
594915,1,SF Daley,West Indies,10.0,61,60,44,1,4.4,2
594915,1,TD Smartt,West Indies,5.0,34,30,44,1,8.8,5
594915,1,SR Taylor,West Indies,9.0,54,54,44,1,4.89,0
594915,1,SL Quintyne,West Indies,10.0,61,60,27,3,2.7,1
594915,1,A Mohammed,West Indies,10.0,60,60,62,1,6.2,1
594915,1,Kyshona A Knight,West Indies,3.0,19,18,23,0,7.67,1
594915,1,SA Campbelle,West Indies,3.0,19,18,15,0,5.0,1
594915,2,ML Schutt,Australia,10.0,60,60,40,2,4.0,2
594915,2,JL Hunter,Australia,4.1,28,25,18,1,4.32,3
594915,2,LC Sthalekar,Australia,10.0,60,60,21,2,2.1,1
594915,2,EA Perry,Australia,10.0,63,60,24,3,2.4,8
594915,2,EA Osborne,Australia,7.0,42,42,26,2,3.71,0
594915,2,SJ Coyte,Australia,2.0,12,12,16,0,8.0,1
